Date,US10Y,US2Y,US_REAL10Y,US_10Y2Y_SPREAD,KR3Y,KR10Y,FED_HIKE_EXPECTATION,BOK_HIKE_EXPECTATION,US_CPI,US_CORE_CPI,US_CORE_PCE,US_BREAKEVEN_10Y,KR_CPI,USDKRW,DXY,VIX,MOVE,US_HY_SPREAD,FCI_TIGHTENING,GEOPOLITICAL_RISK,US_ISM_MFG,US_UNEMPLOYMENT,US_INITIAL_CLAIMS,US_NFP_SURPRISE,KR_EXPORT_GROWTH,KR_SEMI_EXPORT_GROWTH,CB_GOLD_NET_BUYING,RET_DOMESTIC,RET_FOREIGN,RET_BOND,RET_GOLD
2011-01-01,,,,,,,,,,,,,,,,,,,,,,,,,,,,,,,
2011-02-01,18.999999999999993,16.000000000000004,17.999999999999993,2.9999999999999805,8.999999999999986,6.99999999999994,17.000000000000004,8.999999999999986,0.321447463006419,0.18401906617055985,0.17483291284912106,0.4921052631579048,,-0.12787036892215609,-0.7929092055149689,0.6612572550604989,,-12.242105263157876,-0.01650000000000007,,0.2114706417784662,-0.09999999999999964,-25.3,220.0,,,,-3.746884567454889,3.3563332125913448,-0.02916666666666301,-2.285714285714291
2011-03-01,-16.999999999999993,-7.000000000000006,-28.000000000000004,-10.000000000000009,-32.00000000000003,-25.0,-5.000000000000004,-32.00000000000003,0.51735482068338,0.10796862189927925,0.15133105048050766,11.201372997711667,,0.16382134542194393,-1.0173753617303438,18.895457606824827,,4.885583524027437,0.040750000000000064,,0.6795449984685398,0.0,4.5,226.0,,,,-0.662136607070607,-1.125947858410281,1.8966666666666667,0.7797270955165914
2011-04-01,4.999999999999982,3.0000000000000027,-9.999999999999998,2.0000000000000018,2.000000000000046,-2.999999999999936,7.000000000000006,2.000000000000046,0.46940989750992035,0.12217279619071153,0.22941092128336837,14.106521739130429,,-3.2245377646128004,-1.769521467511681,-21.61547499160793,,-5.24347826086955,-0.03180000000000005,,-0.5570452056346431,0.09999999999999964,14.6,314.0,,,,7.661298310952569,2.3797726486211035,0.5558333333333294,3.868471953578334
2011-05-01,-29.000000000000004,-16.999999999999993,-7.9999999999999964,-12.00000000000001,-12.99999999999999,-14.000000000000057,-15.999999999999993,-12.99999999999999,0.3181714734507679,0.2002440474328182,0.23768913342503417,-20.150000000000023,,0.10946510826217448,0.028761616817019053,4.108769831498216,,4.4857142857142485,0.00029999999999996696,,-0.005591106553837211,-0.09999999999999964,1.9,106.0,,,,-1.2910855131649246,-0.6921908007097577,1.2133333333333367,3.910614525139655
2011-06-01,-16.999999999999993,-15.000000000000007,-2.0000000000000018,-2.0000000000000018,-4.999999999999982,-9.999999999999964,-15.000000000000014,-4.999999999999982,0.0,0.2328537972565936,0.10978032956054928,-14.318181818181808,,-0.3605438368869507,-0.005980696153029541,13.255847885852967,,13.623376623376693,0.04525000000000001,,0.15487176132868985,0.09999999999999964,-4.25,228.0,,,,-2.301774308019877,-3.617599294976348,0.9616666666666644,2.1505376344086002
2011-07-01,0.0,0.0,-14.000000000000002,0.0,4.0000000000000036,-0.9999999999999787,2.0000000000000018,4.0000000000000036,0.26200368317570444,0.2318678041985267,0.1480409250912862,13.268181818181857,,-2.131264841585323,-0.717036341803412,0.3880200299024583,,0.7409090909090477,0.06565000000000004,,0.589561899786073,-0.09999999999999964,-5.65,61.0,,,,3.5469854498046516,2.278058649755965,0.41333333333333205,1.2280701754386003
2011-08-01,-70.00000000000001,-17.999999999999996,-48.0,-52.0,-23.000000000000043,-27.000000000000046,-20.999999999999996,-23.000000000000043,0.3154462166418792,0.2859451731211493,0.19928607406434207,-21.167391304347838,,1.5568007187271027,0.6725148231303324,82.18244927724669,,30.219565217391285,0.22485,,0.5154218144272082,0.0,-3.1,133.0,,,,-13.20707434478966,-11.467632067832124,1.9725000000000028,3.119584055459268
2011-09-01,-31.999999999999986,-2.0000000000000018,-6.000000000000001,-29.999999999999982,-14.000000000000012,-20.999999999999996,0.0,-14.000000000000012,0.21715478580843772,0.11334354605909702,0.06775363902609133,-27.020703933747402,,4.47183921585792,3.2532281989406053,4.284632665979871,,23.65424430641827,0.16494999999999999,,0.26003575491631015,0.0,8.25,219.0,,,,-3.919938895710473,-3.212876810177967,1.5899999999999999,11.428571428571432
2011-10-01,16.999999999999993,7.0000000000000036,11.0,9.999999999999986,10.000000000000009,10.999999999999988,8.000000000000002,10.000000000000009,0.0675207527019328,0.1715918237380487,0.048050671617350105,6.838095238095221,,2.564868200153403,0.9857866175983832,-10.131268494257839,,-7.573809523809549,-0.0262,,0.5496880598193643,-0.1999999999999993,-15.35,209.0,,,,1.687162620477367,2.0907839902832626,-0.34749999999999925,0.4524886877828038
2011-11-01,-14.000000000000012,-3.0000000000000027,-19.0,-11.00000000000001,-6.000000000000005,-6.000000000000005,-4.0000000000000036,-6.000000000000005,0.18478500551268873,0.17350533760696063,0.21175802824895396,4.600000000000004,,-1.49541360146348,0.7229902284300316,-2.7023106714436973,,-9.499999999999975,-0.014499999999999985,,-0.20895898740665997,-0.20000000000000107,-13.15,137.0,,,,1.9526087346448007,1.023283673466402,0.681666666666667,-5.5555555555555465
2011-12-01,-2.9999999999999805,1.0000000000000009,-3.0,-3.9999999999999813,-2.0000000000000018,1.000000000000023,2.0000000000000018,-2.0000000000000018,0.023770849015480877,0.2230067122376056,0.16556291390728006,-0.24761904761905207,,1.2923679561349877,1.0307358031401037,-21.583827782581466,,14.788095238095211,-0.011699999999999988,,0.6681634411452864,-0.09999999999999964,-12.25,198.0,,,,0.14686874409373107,1.0546701608190823,0.25666666666666527,4.610492845786962
2012-01-01,-1.0000000000000009,-2.0000000000000018,-8.0,1.0000000000000009,-2.0000000000000018,-1.000000000000023,-3.0000000000000027,-2.0000000000000018,0.27241960540966836,0.2075592005452931,0.29904306220096544,6.497619047619008,,-0.6792545976217479,-0.6065792099395395,-19.24182509505703,,-1.0380952380952824,-0.14980000000000002,,0.9121639693689065,-0.1999999999999993,0.75,358.0,-5.438618147370489,,,1.8710457397707714,4.245274994961679,0.3775000000000014,-5.623100303951356
2012-02-01,0.0,4.0000000000000036,-14.000000000000002,-4.0000000000000036,1.000000000000023,1.000000000000023,2.0000000000000044,1.000000000000023,0.21374461249461518,0.0688968171425719,0.13986013986013734,14.75000000000004,,-1.5467047843711557,-1.8394632407418565,-8.935633774965401,,-8.749999999999947,-0.12225000000000003,,0.43559770059871106,0.0,-14.5,263.0,20.919704755919376,,,5.63553734793889,4.565081959618622,0.25666666666666527,0.9661835748792313
2012-03-01,19.999999999999996,6.0,10.999999999999998,13.99999999999999,10.000000000000009,14.000000000000012,3.0,10.000000000000009,0.20934703870292282,0.1947078067305874,0.1699796457494296,9.2090909090909,,0.30996980466557744,0.6121575580393612,-12.23217215996999,,-11.404545454545456,-0.04435,,-0.5232312651742177,-0.10000000000000142,3.35,239.0,-0.866266152403472,,,1.0228809152888152,1.1550079217924614,-0.5225000000000007,4.94417862838914
2012-04-01,-12.00000000000001,-5.000000000000004,-6.999999999999998,-7.000000000000006,-4.0000000000000036,-5.000000000000027,-6.000000000000005,-4.0000000000000036,0.16607883500068255,0.18688889083413596,0.15131699830308598,-4.742424242424237,,0.7861868101618708,0.33631197023131776,10.241228070175445,,8.049783549783518,0.02260000000000001,,0.5404721504302268,0.0,15.15,77.0,-0.478932651332431,,,-1.377202781079434,-1.4913015255423878,0.6291666666666682,-3.951367781155002
2012-05-01,-24.99999999999998,0.0,-13.000000000000004,-24.99999999999998,-14.000000000000012,-14.999999999999991,-1.9999999999999991,-14.000000000000012,-0.2068180132381081,0.13935912278018048,0.10144505239528812,-12.212121212121207,,1.9089996174529444,1.8468192689361729,17.835483262179118,,12.45021645021649,0.09649999999999997,,-0.2611212483483283,0.0,-8.25,107.0,5.740807106550516,,,-5.413231876571878,-4.213949640124504,1.2249999999999994,-1.4240506329114
2012-06-01,-17.999999999999993,0.0,-15.999999999999998,-17.999999999999993,-8.000000000000007,-12.00000000000001,0.0,-8.000000000000007,-0.08263631713106845,0.17406554287509035,0.10242035469785193,-2.1688311688311757,,0.5789962646908231,1.5007654649875413,0.6148715221522716,,13.264069264069267,0.05710000000000004,,0.3546016302517385,0.0,5.7,81.0,8.738479474968797,,,-2.1951292008562384,-1.9534219801332409,1.0325000000000006,-3.6918138041733495
2012-07-01,-9.000000000000007,-3.9999999999999982,-9.999999999999998,-5.000000000000004,-29.999999999999982,-33.00000000000001,-3.9999999999999982,-29.999999999999982,0.02888099280600187,0.15111726612753174,0.10339256865912194,0.5714285714285783,,-1.814569955387224,-0.505640657471329,-16.8743661971831,,-5.285714285714294,-0.0801,,-0.17307493424774112,0.0,-6.7,144.0,-1.4826435783403258,,,-1.0626261442369667,2.8793989541560316,2.2825000000000006,0.6666666666666599
2012-08-01,14.999999999999991,2.0000000000000018,1.0000000000000009,12.99999999999999,-26.00000000000002,-20.999999999999996,5.000000000000002,-26.00000000000002,0.580952797585188,0.11436274296647841,0.06347771824499748,13.53416149068325,,-0.9220521692572148,-0.9398733702901896,-10.678323104286758,,-11.61076604554867,-0.08889999999999998,,-0.1456471905022627,-0.09999999999999964,0.75,182.0,-0.9582508090463571,,,5.135887632475478,3.0710234176026807,1.5349999999999997,-0.3311258278145601
2012-09-01,4.0000000000000036,-1.0000000000000009,-12.0,5.000000000000004,-2.9999999999999805,-4.0000000000000036,-2.0000000000000018,-2.9999999999999805,0.47712662775423187,0.18502994792231053,0.12257405515831987,17.240274599542317,,-0.7735483333402571,-1.673109740479406,-2.5802396030535246,,-11.070938215102988,-0.07460000000000006,,-0.203532162862341,-0.2999999999999998,8.55,178.0,-2.010971730535893,,,2.1202071711962533,3.1812402712326993,0.4975000000000002,2.1594684385382035
2012-10-01,3.0000000000000027,2.0000000000000018,-4.0000000000000036,1.0000000000000009,-3.000000000000025,-7.999999999999963,2.7755575615628914e-15,-3.000000000000025,0.26967945804385884,0.1582422537165229,0.24270020081831323,5.844611528822075,,-1.5680266744767635,-0.24576776045776016,6.486560052208601,,-28.03258145363405,-0.037249999999999894,,-0.1333148513559923,0.0,-13.3,152.0,-3.001435704972877,,,-0.7347210748632316,0.2414551372505791,0.7341666666666644,7.317073170731714
2012-11-01,-10.000000000000009,-1.0000000000000009,-2.0000000000000018,-9.000000000000007,0.0,2.0000000000000018,-1.0000000000000009,0.0,-0.16793444944266378,0.13245377103678901,0.10712946595961004,-6.826190476190508,,-1.6672783705691585,0.7916779606111257,2.615564657694569,,1.8404761904761813,0.00024999999999997247,,0.5797956376017099,-0.09999999999999964,32.75,156.0,-0.4151511086410764,,,-2.1665427885640853,-1.8995946227502225,0.12749999999999992,0.0
2012-12-01,7.000000000000006,-1.0000000000000009,1.0000000000000009,8.000000000000007,8.000000000000007,13.999999999999968,-1.0000000000000009,8.000000000000007,-0.012108160467716456,0.1707517399386127,0.07384022687142444,5.000000000000027,,-1.0791639929067731,-0.6501222737116508,3.6229115584193172,,5.200000000000005,-0.028249999999999997,,0.699536990529781,0.20000000000000018,-42.25,249.0,-12.026205190602845,,,3.755972896436477,2.9666278014572223,-0.5908333333333314,-1.5151515151515138
2013-01-01,18.999999999999993,1.0000000000000009,15.000000000000002,17.999999999999993,-8.999999999999986,-8.000000000000007,3.0,-8.999999999999986,0.1980788942180789,0.2174991908512336,0.20210877515667303,4.683333333333328,,-0.80932086149611,-0.06040906510093036,-21.96661411430002,,-8.897619047619054,-0.04675000000000007,,-0.19508203824454284,0.09999999999999964,-6.0,183.0,3.5466152729159095,,,0.523213556250357,4.507627347498033,0.7408333333333337,-1.9999999999999907
2013-02-01,7.000000000000006,0.0,4.0000000000000036,7.000000000000006,-6.000000000000005,-0.9999999999999787,-0.9999999999999981,-6.000000000000005,0.5429926752100966,0.14640721012448843,0.10885457242564289,3.1403508771929545,,1.9491327170926276,0.7986743810934005,4.201284566092434,,4.3107769423559095,-0.01824999999999999,,0.4575619379545204,-0.2999999999999998,0.0,289.0,-11.482290718325538,,,-0.41126345340622983,1.7288262783351938,0.3141666666666654,-0.9419152276295195
2013-03-01,-2.0000000000000018,-1.0000000000000009,-2.0000000000000018,-1.0000000000000009,-10.999999999999988,-12.99999999999999,-2.7755575615628914e-15,-10.999999999999988,-0.28119191025899326,0.09674548198599364,0.0916795479985133,-1.2236842105263435,,1.4312958494572703,0.9418804184339047,-7.3982721220734575,,3.436842105263116,-0.009749999999999925,,-0.07638198631354509,-0.20000000000000018,-1.2,143.0,-2.10784745046928,,,0.6854029592597843,1.604609541891877,1.0333333333333328,-2.535657686212367
2013-04-01,-19.999999999999996,-3.0,-6.000000000000005,-16.999999999999993,-7.000000000000028,-7.000000000000028,-3.9999999999999982,-7.000000000000028,-0.2087979266581219,0.016323444762322836,0.04899298122289508,-13.113636363636338,,1.6345247993645673,-0.3953980600174045,7.180851991503112,,-6.518181818181823,-0.03249999999999997,,-0.30676728633659556,0.09999999999999964,-4.55,184.0,-1.0996627553061633,,,-2.6652067109499744,0.560078544202014,0.6625000000000018,-2.1138211382113803
2013-05-01,16.999999999999993,1.9999999999999991,29.000000000000004,14.999999999999991,4.0000000000000036,6.000000000000005,6.0,4.0000000000000036,0.041415548950163306,0.07043705332601125,0.11709975834868214,-12.818181818181795,,-0.8388990360137183,0.5227718641836132,-3.3910439989585983,,-3.409090909090917,-0.01890000000000014,,0.2715930059756566,-0.09999999999999964,0.5,223.0,-0.963623831569016,,,1.8387029550631206,3.82987498364753,-0.12333333333333366,-6.478405315614633
2013-06-01,36.999999999999986,8.000000000000002,61.0,28.999999999999982,39.000000000000014,41.000000000000014,10.0,39.000000000000014,0.23804082055085551,0.1519339387800578,0.17225429838272355,-23.468181818181844,,2.1155300363609353,0.8155281047023122,27.997372498820994,,9.227272727272728,0.06215000000000004,,0.26864383160560834,0.0,-3.15,183.0,-3.404647440423725,,,-4.374712763564881,-2.503387372959376,-2.218333333333334,-4.9733570159857905
2013-07-01,28.000000000000025,1.0000000000000009,21.000000000000004,27.000000000000046,14.999999999999991,16.000000000000014,0.9999999999999981,14.999999999999991,0.19574523005443378,0.22712663381188047,0.12737636531541252,7.377272727272732,,-0.8791564116039652,0.6311934788108431,-19.08898790177197,,-14.954545454545443,0.002749999999999919,,-0.8633777899976991,-0.20000000000000018,1.4,112.0,1.1876841296649232,,,-0.8675251911974713,2.6640313426915974,-0.6841666666666675,-5.23364485981308
2013-08-01,16.000000000000014,1.9999999999999962,9.000000000000002,14.000000000000012,9.00000000000003,13.999999999999968,2.9999999999999973,9.00000000000003,0.23872906826962748,0.19497178040022156,0.1081321756829956,6.227272727272748,,-0.8078184581744363,-0.1677809451979484,1.684881602914401,,-5.3181818181817775,-0.022499999999999853,,0.8351662589187292,-0.09999999999999964,-12.6,255.0,6.125477767149334,,,1.4115016458475793,0.5009962184039818,-0.5508333333333314,-3.9447731755424043
2013-09-01,6.999999999999984,4.0000000000000036,10.999999999999998,2.9999999999999805,-4.0000000000000036,-8.000000000000007,4.0000000000000036,-4.0000000000000036,0.037694469193350066,0.15533251399697523,0.1186051190816606,-3.9045454545454827,,-3.0136249040944585,-0.2606842668561704,3.3919774806474345,,-3.1272727272727785,0.0019999999999998908,,0.02429235955101472,0.0,-19.4,175.0,-5.00249725967894,,,4.700787868770462,1.317719596978062,0.7808333333333337,4.7227926078028615
2013-10-01,-18.999999999999993,-6.0,-23.000000000000004,-12.99999999999999,-8.000000000000007,-8.999999999999986,-7.000000000000001,-8.000000000000007,0.053523104853914205,0.09416276097145015,0.16923516283595674,4.177272727272774,,-1.5202832086696039,-1.0391502782693185,4.872216763929482,,3.627272727272768,-0.03799999999999992,,0.23393280077073086,0.0,44.5,220.0,3.433974883117541,,,2.001095753338511,2.2782759864692803,0.8341666666666658,-0.19607843137254832
2013-11-01,10.000000000000009,-4.0000000000000036,12.000000000000005,14.000000000000012,14.999999999999991,14.400000000000013,-3.0000000000000027,14.999999999999991,0.18444894273523804,0.18644565619931885,0.1657814430376936,-1.674641148325362,,-0.4028306603519938,0.9453044509525999,-16.120548563688686,,-2.7009569377990594,-0.04800000000000004,,-0.00500615256149306,-0.2999999999999998,-30.3,276.0,-2.0245602900602844,,,-0.8519147222142309,2.6919063355298256,-0.5773333333333341,-2.357563850687616
2013-12-01,17.99999999999997,4.0000000000000036,18.999999999999993,13.999999999999968,6.800000000000006,6.899999999999995,3.0000000000000027,6.800000000000006,0.2644169158479315,0.16995313542289558,0.10647269660553071,-0.7192982456140751,,-0.5585062865280599,0.17167575023802062,9.814151596881393,,-18.288220551378444,-0.01824999999999999,,-0.19504946826991443,-0.20000000000000018,17.8,55.0,5.090027191277247,,,-0.9920888851442933,0.46685012301210804,-0.11533333333333301,-2.8169014084507116
2014-01-01,-4.0000000000000036,4.999999999999999,-10.999999999999998,-9.00000000000003,-3.500000000000014,-0.6000000000000227,7.000000000000001,-3.500000000000014,0.24241752904536895,0.08568071632473195,0.1084655806067758,6.285714285714317,,1.0886245887308688,0.9951461500630643,0.3422359414843701,,-14.761904761904754,0.007050000000000001,,-1.057913888116957,-0.10000000000000053,-19.25,189.0,-0.32106377089881066,,,-1.991466989539159,0.9372486949092762,0.34041666666666803,-4.347826086956507
2014-02-01,-14.999999999999991,-6.0,-7.9999999999999964,-8.999999999999986,-12.9,-12.5,-6.0,-12.9,0.11007786202441583,0.09493094197770002,0.047336531178987507,-6.882205513784445,,0.39166858068493404,0.19139404307213503,8.630375175550054,,5.523809523809486,-4.999999999999449e-05,,0.9346723070121854,0.10000000000000053,8.5,151.0,-0.12495021005760609,,,-0.6470657446803862,-0.6437226518672845,1.0539166666666666,1.9480519480519431
2014-03-01,1.000000000000023,7.000000000000001,1.0000000000000009,-5.999999999999961,-4.1999999999999815,2.100000000000035,6.0,-4.1999999999999815,0.204205530106516,0.1862946419120659,0.14825095416837186,1.0250626566415733,,-0.07610335158114712,-0.21638618171367918,-4.093945270415866,,-4.9047619047618785,-0.007500000000000062,,0.8898523877739262,0.0,-14.25,273.0,0.6973595319889059,,,0.7586105252669562,2.2781859952663686,0.16749999999999787,4.458598726114649
2014-04-01,-1.000000000000023,1.9999999999999962,-2.0000000000000018,-3.000000000000025,0.49999999999998934,-0.30000000000001137,0.9999999999999953,0.49999999999998934,0.18641856050976013,0.18890649762282052,0.17112860892387616,-0.5238095238095042,,-2.6021704059165374,-0.47140642603620275,-4.304008729980402,,-14.190476190476176,0.009250000000000091,,0.007965715560231956,-0.5,1.75,313.0,1.3331892792865174,,,1.9852263280801585,0.9413961156299111,0.3132500000000007,2.6422764227642226
2014-05-01,-14.999999999999991,-2.9999999999999973,-17.000000000000004,-12.00000000000001,-9.299999999999997,-13.79999999999999,-2.9999999999999916,-9.299999999999997,0.19030059035471947,0.19276844165485585,0.16874010879019963,2.857142857142847,,-1.7118454684525108,-0.3463991931537125,-12.134424470083182,,0.4761904761904745,-0.006700000000000039,,0.26304680281645787,0.09999999999999964,-8.95,215.0,-9.220451922878315,,,-0.08437930406164362,1.29163236174481,1.1229999999999993,-2.7722772277227747
2014-06-01,4.0000000000000036,6.0,0.0,-2.0000000000000018,-14.800000000000013,-11.60000000000001,4.999999999999993,-14.800000000000013,0.1321132206079767,0.12966837733496828,0.11300144390733458,3.809523809523796,,-0.5896251385776319,0.16803672467171626,-7.4853042216963095,,-0.3809523809523707,-0.010050000000000003,,0.3309745726525426,-0.20000000000000018,-0.3,336.0,-8.0306724833891,,,0.31314640719162234,2.4134501670260766,0.9795000000000007,-4.073319755600813
2014-07-01,-6.000000000000005,6.0,-8.999999999999996,-11.999999999999966,-20.10000000000001,-23.0,7.000000000000006,-20.10000000000001,0.11254852864928111,0.15052325752511475,0.17349135678601524,3.3679653679653754,,0.22476690176327363,-0.23820333932305093,6.54108856856721,,-0.7727272727272805,0.03374999999999995,,0.475177634880275,0.10000000000000053,-11.75,223.0,-4.678602001735344,,,1.313342379515392,0.7280645584517575,1.6538333333333333,5.944798301486198
2014-08-01,-12.00000000000001,-4.0000000000000036,-6.000000000000003,-8.000000000000028,0.6000000000000227,2.9999999999999805,-4.0000000000000036,0.6000000000000227,-0.01600013473797013,0.08816305967800364,0.03860278774727721,-6.653679653679623,,0.34434697136951353,1.0436530956509316,9.722720967730591,,7.820346320346294,0.030500000000000083,,-0.5813861854289115,-0.10000000000000053,0.25,197.0,-8.619156948799134,,,1.9332609205966467,-1.3112695305285582,0.07466666666666782,-1.6032064128256418
2014-09-01,10.999999999999988,9.999999999999998,24.000000000000004,1.0000000000000009,-11.7,-7.399999999999984,9.999999999999998,-11.7,0.007159100480080838,0.1598120844780837,0.13349324711895427,-12.285714285714322,,1.1069640329900876,1.628343173244473,-0.18706102424733695,,-0.23809523809523725,0.030749999999999944,,0.04141656543719119,-0.1999999999999993,-7.0,294.0,1.2163705524839585,,,-0.8452512919795652,0.8465611592421318,0.7011666666666657,-2.4439918533604943
2014-10-01,-23.0,-11.999999999999995,-8.000000000000002,-11.00000000000001,-23.70000000000001,-24.29999999999999,-12.0,-23.70000000000001,-0.019791390324119806,0.16960793346343372,0.08644662701926542,-15.33333333333331,,2.359755086295734,1.371918074008871,34.099225139905286,,11.554112554112539,0.05225000000000002,,-0.0851758385858381,-0.20000000000000018,-6.25,235.0,1.727364597233616,,,-4.814471096974571,-4.215136749557324,1.7089999999999992,-4.384133611691022
2014-11-01,3.000000000000025,8.000000000000002,7.000000000000001,-4.999999999999982,-12.00000000000001,-7.699999999999996,8.000000000000007,-12.00000000000001,-0.18826601524659647,0.11162627356380295,0.08845321345321011,-4.0000000000000036,,3.5400951717281304,1.719116252529762,-25.724658341411498,,7.5808080808081435,-0.007249999999999979,,0.7051831057397928,0.09999999999999964,2.85,291.0,0.45735491920226856,,,0.7413039542655486,4.270418980482837,0.6927499999999998,-4.5851528384279305
2014-12-01,-12.00000000000001,10.999999999999998,6.0,-23.00000000000002,1.9000000000000128,-1.100000000000012,7.9999999999999964,1.9000000000000128,-0.30846094445592387,0.05261883085969643,0.07070003431031147,-18.318181818181834,,0.4326184235550645,2.3502063770560744,21.464854549021716,,7.101010101010097,0.049250000000000016,,-0.2013918281771332,-0.20000000000000018,-7.1,275.0,7.703980523394338,,,-0.9527274518638107,-0.864168073209326,0.2903333333333341,3.6613272311212697
2015-01-01,-33.00000000000001,-8.999999999999996,-24.0,-24.0,-17.600000000000016,-26.6,-7.9999999999999964,-17.600000000000016,-0.6370316441765556,0.09474756244156612,-0.036364014171574865,-8.98181818181818,,-1.3143574808565317,2.283622211641667,17.35317914237089,,4.254545454545422,0.0826,,-0.5944467019895705,0.10000000000000053,3.1,204.0,1.195987010619537,,,-1.0422573943782765,-1.2797837763189657,1.8194166666666667,1.103752759381904
2015-02-01,10.000000000000009,6.999999999999995,-1.0000000000000009,3.0000000000000027,-6.199999999999983,-6.899999999999995,6.999999999999995,-6.199999999999983,0.25346436802173855,0.15053521314700724,0.11432847610535202,10.82631578947366,,1.2250833999613908,1.3567757349362441,-16.816807310255022,,-4.14210526315788,0.008649999999999936,,-0.7409781347949229,-0.20000000000000018,13.65,259.0,-0.8317299752854779,,,2.099181888888846,2.694368754315346,0.6152499999999997,3.9301310043668325
2015-03-01,6.000000000000005,2.0000000000000018,2.0000000000000018,4.0000000000000036,-14.100000000000001,-7.000000000000028,2.0000000000000018,-14.100000000000001,0.26939517808124425,0.2427427010642358,0.1515717785806281,4.655502392344513,,1.0386209945794755,2.088267874886496,-6.862857177239334,,-3.521531100478459,-0.01924999999999999,,0.32257451851229746,-0.09999999999999964,-17.25,96.0,-0.77804245432046,,,2.6287154758034337,-0.5078053545783279,0.6155000000000017,-4.621848739495804
2015-04-01,-10.000000000000009,-9.999999999999998,-20.0,0.0,-10.599999999999987,-9.899999999999975,-10.999999999999998,-10.599999999999987,0.10424788961589382,0.2454777678552844,0.18451332020317235,9.636363636363665,,-2.5365789664035465,-0.9429542484634124,-8.897519975217282,,5.272727272727229,-0.008499999999999952,,-0.016839109779032135,0.0,2.0,273.0,-4.160128538004182,,,4.702765739090986,1.5599435521648664,0.7836666666666652,0.6607929515418665
2015-05-01,26.00000000000002,6.999999999999995,25.0,19.00000000000004,30.200000000000003,31.30000000000002,6.999999999999995,30.200000000000003,0.3297745341246827,0.14170526961292396,0.12209254200812314,0.7318181818181779,,0.7343794325080477,-0.8893084587733413,-1.1579448816119164,,14.190909090909098,-0.0033000000000000806,,0.027405533127322634,0.1999999999999993,-12.0,342.0,-5.293211474067327,,,0.499250789772554,0.5373196416328385,-1.6965833333333342,-1.5317286652078876
2015-06-01,15.99999999999997,7.9999999999999964,17.0,7.999999999999963,-2.300000000000013,-2.200000000000024,6.999999999999995,-2.300000000000013,0.27679208104607333,0.15557247360233895,0.11987681623710778,0.04090909090905814,,1.8530133305998842,0.7328770047388078,7.504932747651205,,7.081818181818189,0.003550000000000053,,-0.3964245079812967,-0.2999999999999998,-0.25,171.0,6.249978206598983,,,-2.5546034619150393,-1.1911101575759475,0.33950000000000147,-0.4444444444444473
2015-07-01,-4.0000000000000036,-1.9999999999999907,0.0,-2.0000000000000018,1.000000000000023,-1.7999999999999794,-1.9999999999999907,1.000000000000023,0.15863197801873063,0.20697005750545117,0.09908961416980056,-4.499999999999971,,3.0248996480493284,1.8314355946090988,0.09192633213932488,,11.545454545454525,0.022850000000000037,,0.7360891749179643,-0.09999999999999964,4.0,282.0,6.382220986314979,,,-0.2742420093148734,-1.424345115312442,0.31366666666666543,-1.3392857142856984
2015-08-01,-14.999999999999991,2.9999999999999916,6.000000000000005,-17.999999999999993,-14.000000000000012,-14.200000000000035,1.9999999999999907,-14.000000000000012,-0.000420108051790713,0.10388967905510249,0.08043061312874578,-20.948051948051937,,2.7558404070378906,1.7139643889030776,35.361697250473554,,14.367965367965407,0.07264999999999999,,-0.2981823092397806,-0.10000000000000053,-2.55,134.0,-2.3631275562677856,,,-5.053841199976161,-3.0027985973579474,1.0561666666666687,-6.7873303167420795
2015-09-01,0.0,1.0000000000000009,8.999999999999996,-1.0000000000000009,-12.00000000000001,-9.199999999999964,1.0000000000000009,-12.00000000000001,-0.22475875193775918,0.20550455692969205,0.14424662050775972,-8.857142857142875,,0.5250802151655742,0.7951677080984432,25.473663570185543,,14.714285714285724,0.046999999999999986,,-0.2358333192244877,-0.09999999999999964,-5.7,150.0,5.007568290442954,,,-0.7236419092898627,-5.49068563771301,0.7443333333333312,3.883495145631044
2015-10-01,-10.000000000000009,-6.999999999999995,-8.000000000000007,-3.000000000000025,-7.000000000000006,-12.800000000000011,-4.999999999999993,-7.000000000000006,0.09894820166906904,0.18576665735092757,0.032923165562359635,-2.4285714285714466,,-3.4729340639855333,-0.854929080669331,-31.125868388526623,,10.333333333333306,-0.040250000000000064,,-0.16162023537257264,0.0,-2.5,304.0,-9.28239379259459,,,4.157003175603746,3.7288525759213487,0.9526666666666673,1.1682242990654235
2015-11-01,18.999999999999993,24.0,12.0,-4.999999999999982,13.99999999999999,16.599999999999994,24.0,13.99999999999999,0.11946174910508756,0.19403695316859704,0.10696507179002168,7.195488721804533,,0.8986274480645928,1.626880284176302,-3.451823374935692,,-7.6691729323308255,-0.01474999999999993,,-0.27846881149311553,0.09999999999999964,1.5,229.0,-0.1759501434837385,,,-0.6800665314934728,0.9931405597355392,-0.8219999999999995,-2.771362586605075
2015-12-01,-1.9999999999999574,9.999999999999998,4.0000000000000036,-11.999999999999966,0.8000000000000007,-7.299999999999995,-2.0000000000000018,0.8000000000000007,-0.10755534268560574,0.1252860903779407,0.06575432540172343,-5.552631578947387,,1.428235672106859,0.9795723223590791,11.19959620884976,,1.7535885167464293,0.06824999999999998,,-0.2606968426604239,-0.09999999999999964,2.5,269.0,-8.983406038050123,,,-1.7371133111406145,-2.157480369786491,0.625833333333333,-4.51306413301662
2016-01-01,-15.000000000000036,-7.9999999999999964,-5.999999999999995,-7.000000000000028,-14.29999999999998,-15.600000000000014,-17.999999999999993,-14.29999999999998,-0.04584435630738959,0.16683909432542166,0.17557189206949264,-9.499999999999996,,2.8523956311161003,2.171108571388025,31.58000913115955,,15.035885167464125,0.07250000000000006,,0.42976615694556575,-0.20000000000000018,8.6,133.0,-11.291449656885888,,,-3.7572523758459986,-6.641147325895491,1.117750000000001,2.736318407960181
2016-02-01,-30.999999999999982,-17.000000000000004,-20.000000000000007,-13.99999999999999,-19.500000000000007,-19.899999999999984,-21.000000000000007,-19.500000000000007,-0.13296753235823022,0.22657222755197992,0.17321430401673332,-11.250000000000004,,1.072916807769575,-0.8267496511458305,-5.06324338718267,,19.636842105263153,0.010499999999999954,,-0.33153086780606245,0.10000000000000053,-12.85,196.0,-4.170052761649334,,,0.2755732366290786,-1.0837840319137926,1.362749999999999,4.358353510895885
2016-03-01,10.999999999999988,15.000000000000002,-12.999999999999995,-4.000000000000026,1.9000000000000128,2.8000000000000025,17.000000000000004,1.9000000000000128,0.31347962382444194,0.164148099873751,0.14324302201849104,24.431818181818187,,-2.84942344304544,-2.0898359054861815,-29.61277741665892,,-31.4454545454546,-0.05049999999999999,,-0.04891080557201111,0.09999999999999964,-3.5,256.0,-2.146285715162588,,,3.72243254148501,6.747521758312103,-0.015833333333333477,9.512761020881676
2016-04-01,-7.999999999999985,-10.999999999999998,-15.000000000000002,3.000000000000025,-5.000000000000004,-4.400000000000004,-12.0,-5.000000000000004,0.38306451612901693,0.25944134714308564,0.24622992357676843,6.294372294372308,,-3.0278535477706425,-1.6768638722212348,-9.77100028952731,,-26.454545454545418,-0.028600000000000014,,-0.10801816312853152,0.09999999999999964,2.75,192.0,-6.219112255910575,,,1.0922544386336996,2.805295436374755,0.4185000000000002,-1.2711864406779738
2016-05-01,0.0,4.999999999999993,1.9999999999999991,-4.999999999999993,-2.9000000000000137,-2.300000000000013,4.999999999999993,-2.9000000000000137,0.23640958693178504,0.2376790197565759,0.17020495938522284,-2.0476190476190315,,2.4431733832013913,1.0211139904614752,3.862675235589874,,-10.952380952380958,0.0038499999999999646,,-0.07926544670303626,-0.2999999999999998,8.5,46.0,0.8165648864544961,,,-1.3966671044248868,-0.0009706981343615695,0.28883333333333416,4.506437768240357
2016-06-01,-17.000000000000014,-8.999999999999996,-3.9999999999999982,-8.000000000000018,-15.999999999999993,-16.999999999999993,-9.999999999999998,-15.999999999999993,0.2775957287827202,0.1630674484192962,0.10378087989906248,-12.428571428571434,,-0.7316637849769769,0.3770902596263337,19.670884083695505,,1.043290043290046,0.02100000000000002,,0.2585217548875418,0.10000000000000053,-9.25,247.0,2.069599516296794,,,0.5000925567317571,0.7104856449907659,1.1689166666666662,-5.338809034907599
2016-07-01,-13.99999999999999,-5.999999999999995,-13.0,-7.9999999999999964,-15.999999999999993,-21.599999999999998,-6.999999999999995,-15.999999999999993,-0.05037007434789409,0.11674880827341472,0.14534588254426772,-0.45000000000001705,,-2.0886759320677517,0.8226096185357301,-25.96997749590836,,-16.640909090909073,0.005550000000000055,,0.03172983849912825,-0.10000000000000053,-5.85,373.0,-10.74011824740696,,,1.2667977608884495,2.5374318415488872,1.4307499999999997,11.279826464208242
2016-08-01,6.000000000000005,6.999999999999995,5.0,-0.9999999999999898,1.0000000000000009,1.6000000000000014,5.999999999999995,1.0000000000000009,0.18492217858316895,0.23968139321870474,0.17659775294585067,0.2760869565217261,,-2.70379931017255,-0.9236530393243791,-5.767639036430417,,-3.0586956521739594,-0.005300000000000027,,-0.42520557625593813,0.10000000000000053,4.1,141.0,-3.3488099240955527,,,1.736856319489255,1.0487982855064581,0.02074999999999992,-0.19493177387913674
2016-09-01,6.999999999999984,3.0000000000000027,3.0,3.9999999999999813,9.999999999999986,9.499999999999996,3.0000000000000027,9.999999999999986,0.26232097944252075,0.16866393208359032,0.13272139651276937,4.650103519668747,,-0.14905159671690926,0.7883279013338296,14.67760006278187,,-0.2960662525879343,0.019100000000000006,,0.1963733432259307,0.09999999999999964,-12.0,306.0,-12.18164024544489,,,-0.029418733217512205,-0.8093183437574258,-0.4519166666666665,-0.9765625
2016-10-01,13.00000000000001,6.999999999999995,-1.9999999999999991,6.000000000000016,12.00000000000001,8.400000000000007,6.999999999999995,12.00000000000001,0.23426874979268764,0.12055842663214467,0.12849829006211788,15.223809523809507,,1.7866155498762915,1.0308332940100584,2.5719165466662197,,-6.89523809523811,-0.02310000000000001,,0.093265562370215,-0.09999999999999964,4.3,98.0,-4.858738213092673,,,-0.01333120034127111,-1.17563369124275,-0.37800000000000045,-4.930966469428011
2016-11-01,38.000000000000014,14.000000000000002,22.0,24.00000000000001,34.999999999999986,36.9,13.00000000000001,34.999999999999986,0.11789477167711837,0.13606698188182165,0.044461959761932235,15.500000000000004,,3.0617834609445893,2.320164759193011,4.463090535113778,,-4.600000000000026,-0.048750000000000016,,-0.1144881255007002,-0.20000000000000018,-10.05,118.0,3.184319397169877,,,-2.6831482024677,0.8100504119761043,-2.081,1.4522821576763434
2016-12-01,35.00000000000001,21.999999999999996,24.000000000000004,13.00000000000001,14.000000000000012,19.399999999999974,8.999999999999986,14.000000000000012,0.2524522158776188,0.17596530397103738,0.11615574970962328,11.371428571428588,,1.7512565493657872,1.5479620179574827,-18.139767470933855,,-23.076190476190472,-0.04195000000000004,,0.011975156079557792,0.0,6.45,225.0,7.370963721300439,,,2.025007322201433,3.9952939399763077,-1.0002499999999983,-9.61145194274028
2017-01-01,-6.000000000000005,1.0000000000000009,-14.000000000000007,-7.000000000000006,-7.000000000000006,-4.79999999999996,-9.999999999999998,-7.000000000000006,0.4043076694815628,0.2188700384122999,0.2673527037933887,7.578571428571412,,-0.33494214205412876,-0.10092888499874109,-6.926351557727561,,-10.723809523809491,-0.02554999999999996,,0.16078998393107558,0.0,-8.2,220.0,9.061532040207698,,,2.0693057783993662,1.1361305500478203,0.4679166666666642,-0.2262443438914019
2017-02-01,-1.000000000000023,-1.0000000000000009,-1.9999999999999962,-2.220446049250313e-14,3.0000000000000027,5.19999999999996,-2.0000000000000018,3.0000000000000027,0.15926573570097524,0.21200397657175074,0.1770890979523987,0.7447368421052758,,-3.275358970692588,-1.4139225611236594,-0.6716947427361397,,-0.5894736842105619,-0.00874999999999998,,-0.11813859384935954,-0.10000000000000053,-13.75,218.0,12.987480399130824,,,0.9240670645423998,1.8575842549524602,-0.13608333333333092,3.628117913832196
2017-03-01,6.000000000000005,11.00000000000001,8.999999999999996,-5.000000000000004,5.500000000000016,5.800000000000027,-1.9999999999999907,5.500000000000016,-0.04672016261895173,-0.021514115650322907,-0.042185192997257204,-2.286041189931365,,-0.58095337133931,-0.4001019631348135,3.1854553825880316,,-2.2105263157894406,0.007300000000000029,,-0.32647231874802785,-0.1999999999999993,3.5,124.0,8.12625614066933,,,2.4702635578670584,0.7699038274577852,-0.16775000000000165,2.844638949671774
2017-04-01,-18.000000000000014,-7.000000000000006,-9.999999999999998,-11.00000000000001,-4.400000000000004,-3.9000000000000146,-18.000000000000004,-4.400000000000004,0.12341528217407749,0.11277416475390378,0.20498598257618905,-8.977116704805477,,0.027675332891141657,-0.7660662067963675,10.409378095338862,,7.210526315789467,-0.012800000000000034,,1.228028927800584,0.0,-5.95,205.0,22.291244195038228,,,1.2154394164986204,-0.4858160633778086,0.41908333333333425,0.8510638297872353
2017-05-01,0.0,6.000000000000005,7.9999999999999964,-6.000000000000005,4.0000000000000036,7.500000000000018,5.000000000000004,4.0000000000000036,-0.07739779600562935,0.08080341683018855,0.08022221553702913,-6.949760765550228,,-0.7970195088855325,-0.4449776857675114,-17.31111750543619,,-2.6196172248803773,-0.03600000000000003,,-0.17115418929035675,0.0,11.2,205.0,8.605521218975776,,,6.060081297633868,1.0380864755118457,-0.2681666666666678,-0.6329113924050556
2017-06-01,-10.999999999999988,4.0000000000000036,-0.9999999999999953,-14.999999999999991,-4.100000000000037,-9.200000000000008,-8.999999999999996,-4.100000000000037,0.0651628661825221,0.12568110408464062,0.13426450106710508,-10.818181818181817,,0.5075386893263145,-1.3117554750562532,-3.209607900573286,,-6.2727272727272965,-0.028199999999999892,,0.04762988880369079,-0.10000000000000053,9.0,203.0,9.630767799166362,,,3.533280429225538,1.4191621020427592,0.7400833333333339,2.7600849256900206
2017-07-01,12.99999999999999,3.0000000000000027,9.000000000000002,9.999999999999986,6.600000000000028,8.699999999999974,-7.999999999999985,6.600000000000028,0.03276499715354486,0.09493696026947607,0.07304601899196239,4.336363636363605,,0.07955103363288529,-1.5073567558795187,-2.3696498054474713,,-11.168181818181822,-0.013050000000000006,,-0.38644681515727086,0.0,2.8,189.0,18.471120918396956,,,1.7225445092409863,1.1449510170923993,-0.3415833333333318,-4.545454545454541
2017-08-01,-10.999999999999988,-3.0000000000000027,-12.000000000000005,-7.999999999999985,5.899999999999972,3.500000000000014,-4.0000000000000036,5.899999999999972,0.38486261632881824,0.2182669603349341,0.1079892010798833,0.36521739130437325,,-0.13041795597246164,-1.0397026488241479,16.670584771913344,,2.9369565217391536,0.008499999999999952,,-0.16682079639146474,0.10000000000000053,-3.05,147.0,19.528766570217336,,,-1.75597257392055,-0.20875174372013694,-0.022333333333334204,3.6796536796536605
2017-09-01,-0.9999999999999787,3.9999999999999813,-6.0,-4.99999999999996,0.9000000000000341,-0.09999999999998899,4.999999999999982,0.9000000000000341,0.5106389920997767,0.10968776605224662,0.12185620967257726,5.8347826086956545,,0.11758252452953588,-0.9569095016736973,-12.839819924484475,,0.06304347826087131,0.005149999999999988,,0.0447606010365309,-0.10000000000000053,24.65,89.0,37.990737260970484,,,0.05531672643757091,1.7208249288434896,0.19658333333333267,5.845511482254717
2017-10-01,15.99999999999997,17.000000000000014,13.0,-1.0000000000000453,21.599999999999973,16.900000000000006,17.000000000000014,21.599999999999973,0.07750522450138408,0.2824233026913259,0.24541101356745365,2.7904761904761877,,-0.06320260092134156,1.869473111740283,-2.9943040289849954,,-14.57857142857144,-0.024399999999999977,,1.0639429086188645,-0.09999999999999964,-30.15,141.0,7.456796463220328,,,3.6646573149419215,2.45468134064728,-0.8235000000000002,-5.3254437869822535
2017-11-01,-0.9999999999999787,14.999999999999991,0.0,-15.99999999999997,14.000000000000012,8.499999999999996,13.99999999999999,14.000000000000012,0.2668007428251684,0.11438669012251435,0.04876301176282016,-0.4285714285714448,,-2.74911533793305,0.24736403545160268,4.098795201327077,,-4.021428571428598,-0.015000000000000013,,0.07831545345542423,0.0,5.5,223.0,4.111505982998787,,,3.0401533859506946,0.2735394868042862,-0.30541666666666645,0.2083333333333437
2017-12-01,4.999999999999982,14.000000000000012,0.0,-9.00000000000003,-6.000000000000005,-6.800000000000006,0.0,-6.000000000000005,0.21068892447551058,0.20802471081413643,0.14721241358732762,4.1880952380952685,,-1.5359687650738363,-0.2588079720411862,-2.618251637677882,,-9.449999999999958,-0.006199999999999983,,-0.2630292198485873,-0.10000000000000053,-5.15,151.0,-0.31418362849767734,,,-2.6480824066606012,2.6703211595482834,0.619666666666667,-0.8316008316008316
2018-01-01,18.000000000000014,18.99999999999997,4.0000000000000036,-0.9999999999999565,14.000000000000012,15.399999999999991,7.999999999999985,14.000000000000012,0.42533443635115464,0.33812474444061547,0.32180209171359664,14.430952380952355,,-1.593957717318828,-2.2719114540774354,7.773208167771961,,-14.861904761904787,-0.005300000000000082,,-0.3171237896541501,-0.09999999999999964,-7.35,137.0,10.485550220188223,,,2.1159607484347864,4.366759404862708,-0.7179999999999995,4.192872117400426
2018-02-01,27.99999999999998,15.000000000000036,21.999999999999996,12.999999999999945,10.299999999999976,14.400000000000013,14.000000000000036,10.299999999999976,0.26922876006090224,0.1986645977335888,0.18909580524120173,5.776942355889725,,1.204317401451327,-0.6521971855942721,103.07325284499615,,-2.238095238095239,0.04700000000000004,,0.8712984281912028,0.09999999999999964,-14.25,394.0,-2.549170151428848,,,-3.225198535488838,-3.8264468397465667,-0.6451666666666674,0.6036217303822866
2018-03-01,-2.0000000000000018,9.999999999999964,-1.0000000000000009,-11.999999999999966,-1.499999999999968,-6.199999999999983,0.9999999999999565,-1.499999999999968,0.0192362410782021,0.21899722733866867,0.21838376252496516,-1.1102756892230392,,-0.7912007578851799,0.2759867385167425,-15.317015919129172,,14.761904761904777,0.05789999999999995,,-0.05399813676758569,-0.09999999999999964,4.8,226.0,-0.32454706721090076,,,0.5370878599495255,-1.1778480212839448,0.6028333333333323,0.20000000000000018
2018-04-01,3.000000000000025,10.000000000000009,-1.0000000000000009,-6.999999999999984,-7.600000000000007,-5.300000000000038,-7.999999999999985,-7.600000000000007,0.2604406656061986,0.1400860807504456,0.18043956260662686,3.714285714285692,,-0.17726197817489187,-0.003520239524501534,-3.9749687108886267,,0.23809523809525945,-0.00990000000000002,,0.7437166039976129,0.0,-4.3,140.0,-7.6223335610587135,,,0.31623051259217494,-0.5762112164713007,0.543666666666669,0.5988023952095745
2018-05-01,10.999999999999988,12.99999999999999,9.999999999999998,-2.0000000000000018,7.899999999999974,10.200000000000031,11.99999999999999,7.899999999999974,0.2257949781598212,0.20067801893777215,0.17519340170468745,1.41991341991341,,0.8065482621896436,2.8752105269984174,-22.67987734073964,,4.77272727272724,-0.041999999999999926,,-0.8082576052237722,-0.20000000000000018,-0.25,322.0,7.8883043884711235,,,0.2286732533290481,0.7684753064914895,-0.39075000000000193,-1.7857142857142794
2018-06-01,-6.999999999999984,2.0000000000000018,-4.999999999999993,-8.999999999999986,-8.799999999999963,-10.099999999999998,-10.000000000000009,-8.799999999999963,0.09011451720948305,0.0987769546364925,0.09039103949695093,-2.4199134199133887,,1.6435744076934267,1.6185939286968543,-3.1608112125586563,,7.465367965367964,0.00990000000000002,,0.7145353886127914,0.20000000000000018,1.35,218.0,-3.700786206163642,,,-2.5557869268764133,0.25054203806311737,0.8357499999999999,-1.0101010101010055
2018-07-01,-2.0000000000000018,8.000000000000007,-2.0000000000000018,-10.000000000000009,-11.299999999999999,-10.70000000000002,-0.9999999999999787,-11.299999999999999,0.07808204989283585,0.11655056934953834,0.13153761583162282,-0.33333333333334103,,2.5446673986654345,0.19061645947873185,-3.878289931764367,,-1.9999999999999796,-0.0024000000000000687,,0.0590893940928261,-0.20000000000000018,-13.1,60.0,5.117461230683551,,,-4.857369991949745,0.7838961078382001,0.8633333333333346,-3.2653061224489854
2018-08-01,0.0,3.000000000000025,2.0000000000000018,-3.000000000000025,-13.400000000000034,-9.099999999999975,3.000000000000025,-13.400000000000034,0.17873207703393845,0.07450552776688824,0.00980334490128243,-1.5155279503105579,,-0.15825123959313236,0.68291474842892,-4.568603058123255,,-2.5424430641822093,-0.0351999999999999,,0.2284554251530846,0.0,-1.0,257.0,7.704293021271913,,,-0.06744335110691058,1.465662061949513,0.7584166666666652,-2.742616033755263
2018-09-01,10.999999999999988,12.99999999999999,8.999999999999996,-2.0000000000000018,-11.099999999999977,-14.300000000000024,8.999999999999986,-11.099999999999977,0.2062281702117419,0.18496186373311296,0.1852650564617253,2.402745995423361,,-0.05417577405756324,0.21707504770205333,2.897673180108784,,0.2517162471395995,-0.011050000000000004,,0.041175299917939334,-0.09999999999999964,-3.3,81.0,-9.131239916110367,,,1.2874867180850735,0.8077901411179811,1.0628333333333349,-1.7353579175705125
2018-10-01,14.999999999999991,8.999999999999986,16.000000000000004,6.000000000000005,5.200000000000005,2.300000000000013,-15.000000000000014,5.200000000000005,0.2339580144498754,0.212487614565271,0.157526539797459,-1.1794258373206024,,1.0532942794377664,0.6597200003155779,49.8945390737163,,3.3708133971291687,0.026999999999999913,,-0.37473700302513846,0.09999999999999964,7.8,169.0,22.175282160311816,,,-6.378222274413603,-3.961027701347608,0.054916666666665864,0.22075055187638082
2018-11-01,-2.9999999999999805,0.0,7.000000000000006,-2.9999999999999805,-11.400000000000032,-12.9,-1.000000000000023,-11.400000000000032,-0.07041919199911595,0.2016090098371448,0.18560850282320907,-10.736363636363633,,-0.5540753701568146,1.1649262875191635,0.190540381508697,,19.38181818181821,0.06864999999999999,,-0.25525636296568344,0.0,12.25,90.0,5.848496141624726,,,-3.7557721431956126,-1.608776818624691,0.9688333333333333,2.2026431718061623
2018-12-01,-29.000000000000004,-17.99999999999997,-9.000000000000007,-11.000000000000032,-19.499999999999986,-21.70000000000001,-24.999999999999957,-19.499999999999986,0.06848935445813442,0.24051896592260924,0.1745387885643046,-18.768421052631588,,-0.25952929990358253,0.03684287546592557,28.69718196072246,,19.4052631578947,0.06810000000000005,,0.36093606698026637,0.10000000000000009,-0.65,192.0,1.7522816598216417,,,-0.7349399102394294,-5.8636156683926295,1.4860833333333339,1.0775862068965525
2019-01-01,-12.00000000000001,-14.000000000000012,-9.999999999999998,2.0000000000000018,-2.0999999999999908,-0.09999999999998899,-27.0,-2.0999999999999908,-0.08149798035343991,0.270319114983697,0.13140604467805073,-2.250626566416014,,-0.18659608611503176,-1.522478784426362,-21.563510979469314,,10.51378446115292,-0.04200000000000004,,-0.8758069746189867,0.10000000000000009,-1.85,251.0,-1.3956017066071524,,,1.514022799814052,2.2169054904960905,0.17199999999999935,3.4115138592750505
2019-02-01,-2.9999999999999805,-4.0000000000000036,-12.0,1.000000000000023,-2.0000000000000018,-0.30000000000001137,-4.0000000000000036,-2.0000000000000018,0.3001255142321968,0.16106394238510902,0.09040536599591587,8.303258145363412,,0.13418367802344733,-0.025777136990190463,-22.16206664293452,,-13.5137844611529,-0.08424999999999994,,-0.5847674956903304,-0.20000000000000018,-0.25,7.0,-7.887626646461177,,,5.233076137502368,5.448778495621864,0.18391666666666737,2.4742268041237248
2019-03-01,-11.000000000000032,-8.999999999999986,-14.000000000000002,-2.000000000000046,-2.9000000000000137,-3.499999999999992,-10.000000000000009,-2.9000000000000137,0.37817929172307974,0.1458730559831034,0.09226615386110915,3.6015037593984944,,0.8706462894264133,0.3238268378593423,-4.919669795645742,,-0.6290726817042458,-0.03985000000000005,,-0.24060753152428394,0.0,-10.7,228.0,-3.3128213727923517,,,-2.067648295865243,0.9039150886256619,0.37566666666666615,-1.6096579476861272
2019-04-01,-4.0000000000000036,-7.000000000000028,-6.000000000000005,3.000000000000025,-7.099999999999995,-6.400000000000006,-8.000000000000007,-7.099999999999995,0.3759679404743643,0.1643938264383582,0.2008577694113889,2.3809523809523725,,0.9335891951267161,0.10471888381169414,-10.605213846609029,,-9.380952380952401,-0.014399999999999968,,-0.643400818619333,-0.09999999999999964,-2.05,296.0,4.664160810589957,,,2.246745013172391,2.328990641089601,0.5467500000000003,0.0
2019-05-01,-12.99999999999999,-12.99999999999999,-3.0000000000000027,0.0,-5.200000000000005,-6.099999999999994,-10.000000000000009,-5.200000000000005,0.02468332856644384,0.08397042714227698,0.10264852563792726,-11.030303030303035,,3.57108648925506,0.9170287814926903,29.135506129585487,,6.222943722943741,0.017800000000000038,,-0.004124632304114417,-0.10000000000000009,8.75,27.0,-0.9301751183011353,,,-5.216278162710719,-1.9789685536254042,0.5234166666666663,-0.8179959100204415
2019-06-01,-33.00000000000001,-39.99999999999999,-19.999999999999996,6.999999999999984,-18.799999999999994,-20.999999999999996,-38.99999999999997,-18.799999999999994,-0.03251128102280676,0.1990717611749071,0.18283657892446126,-12.636363636363646,,-0.775026761425035,-0.4573231203873207,-5.297379580297912,,15.331818181818146,0.022199999999999998,,0.3752564168344241,0.0,6.7,220.0,-7.434149120465506,,,0.3224850339894614,1.290431337842679,1.4123333333333332,3.9175257731958624
2019-07-01,-0.9999999999999787,3.0000000000000027,-6.0,-3.9999999999999813,-12.5,-11.20000000000001,1.0000000000000009,-12.5,0.23078761661827762,0.2059077639787077,0.11394360757048805,5.272727272727296,,0.29392107324641703,-0.30278851326940304,-15.976830696456867,,-16.649999999999963,-0.005750000000000033,,-0.7115244102285367,0.10000000000000009,-16.7,99.0,-6.819139756111814,,,-1.141514746756589,2.709832034516757,0.806833333333334,4.960317460317465
2019-08-01,-43.000000000000014,-27.0,-27.0,-16.000000000000014,-22.4,-25.2,0.0,-22.4,0.09147700174354512,0.2267547857794039,0.11477844865834808,-16.636363636363672,,2.8153863992263384,1.757770408837156,42.63655928671473,,2.7272727272726893,0.03234999999999999,,0.6597901511985471,-0.10000000000000009,2.5,232.0,-7.169602835364486,,,-6.516492061527035,-4.169164708741802,1.6375,6.238185255198503
2019-09-01,7.000000000000006,7.999999999999985,7.000000000000001,-0.9999999999999787,18.300000000000004,16.599999999999994,16.99999999999997,18.300000000000004,0.1538846099767177,0.19365082974263093,0.07321984257735448,0.06363636363639902,,-1.3436874524012543,0.19086185871268757,-18.020309431431713,,-3.227272727272723,0.03390000000000004,,-0.8146184039777293,-0.10000000000000009,-1.5,196.0,-5.858917024180732,,,5.227470285273372,2.937759967535758,-0.8914999999999995,3.2028469750889688
2019-10-01,1.0000000000000009,-9.999999999999986,3.9999999999999996,10.999999999999988,11.5,15.700000000000003,11.00000000000001,11.5,0.2827282299262768,0.2201310195621753,0.1492206829493803,-2.6090909090909165,,-0.8933146695731309,-0.49231230806339177,-0.5943714947590828,,0.31818181818183966,-0.018000000000000016,,-0.8232300099794698,0.10000000000000009,2.75,95.0,-11.035779547966584,,,0.8720855922021542,-0.33508844117350334,-0.8236666666666669,-2.4137931034482696
2019-11-01,10.000000000000009,6.000000000000005,2.0000000000000018,4.0000000000000036,14.79999999999999,17.300000000000004,34.00000000000001,14.79999999999999,0.281542260504386,0.2181379024040364,0.06152189795054497,7.961722488038259,,-1.3645221041950983,-0.16000507082452042,-19.028336097602118,,-8.923444976076533,-0.0403,,0.8335295838774792,0.0,12.15,207.0,-11.368927617155144,,,3.167532837153453,3.7380027671817917,-0.9065833333333336,-0.35335689045936647
2019-12-01,5.000000000000004,0.0,-3.0,5.000000000000004,-9.199999999999985,-9.699999999999998,0.0,-9.199999999999985,0.29122185210892493,0.17774564297226014,0.22095838296891657,7.756892230576451,,0.6344818794911999,-0.5575693100948409,9.846821309271903,,-11.323308270676735,0.016049999999999898,,0.050856111580133145,0.0,11.6,127.0,-0.9320466620027057,,,1.0560526042306284,2.091796611246588,0.7278333333333332,-1.0638297872340496
2020-01-01,-10.000000000000009,-9.000000000000007,-10.0,-1.0000000000000009,-2.7000000000000135,0.29999999999998916,-9.000000000000007,-2.7000000000000135,0.19216641534238743,0.2616344635741674,0.17733555721708427,0.28571428571428914,,-0.6165632024102918,-0.5436995727705063,1.33961023226834,,-0.14285714285713347,-0.04844999999999988,,-0.3535886366576202,0.0,-20.5,237.0,-2.9775590002987573,,,2.585897416720262,1.8556601564110986,0.11975000000000066,3.942652329749108
2020-02-01,-26.0,-18.999999999999993,-15.0,-7.000000000000006,-12.199999999999989,-11.599999999999987,-21.999999999999996,-12.199999999999989,0.04746707213065804,0.2452046371421268,0.19520223525695268,-10.516290726817058,,2.3875201462591145,1.2414186749757583,40.80061987185479,,9.255639097744384,0.14169999999999994,,0.22716463046703605,-0.10000000000000009,-5.3,262.0,10.377618727931303,,,-1.8025021233783134,-1.6894668813767555,0.8339999999999993,2.4137931034482696
2020-03-01,-63.0,-88.00000000000001,-0.9999999999999996,25.000000000000007,-6.700000000000017,-5.499999999999994,4.999999999999999,-6.700000000000017,-0.4528447444551498,-0.11818827841568735,-0.0754457506852102,-62.89712918660286,,1.9123245534853117,3.6947832457233876,194.141183926678,,131.13397129186603,0.5567500000000001,,-4.51984146658585,0.9000000000000004,2125.05,-1398.0,5.9788549593478235,,,-17.55189883520536,-21.940174181155868,0.4583333333333329,4.7138047138047146
2020-04-01,-20.999999999999996,-23.0,-33.0,2.000000000000007,1.6000000000000014,1.8999999999999906,37.0,1.6000000000000014,-0.7920147553434065,-0.48978858208451603,-0.3239926599892917,11.651515151515168,,0.4052226471224385,1.8654351621637977,-28.202123308444314,,5.134199134199102,0.16249999999999998,,-15.371556283705957,10.4,2328.0,-20469.0,-20.292729782757114,,,3.7850874299951043,1.3399629695992399,0.009750000000000578,-1.9292604501607746
2020-05-01,1.0000000000000009,-4.999999999999999,1.0000000000000009,5.999999999999995,-11.099999999999998,-11.00000000000001,-4.999999999999997,-11.099999999999998,-0.08983252093487382,-0.12568392374673332,0.10451324633484749,1.2166666666666437,,0.40904043876250906,-0.5396644881623391,-25.466439984836818,,-18.952380952380963,-0.36934999999999996,,4.46000247937921,-1.6000000000000014,-2489.85,2614.0,-20.771489699488576,,,5.750155363876841,3.7831482229104596,0.7853333333333339,5.737704918032782
2020-06-01,5.999999999999995,1.9999999999999991,-10.000000000000004,4.0000000000000036,-1.8999999999999906,-0.20000000000000018,-1.0000000000000009,-1.8999999999999906,0.4847499237691677,0.16464967672902286,0.15612727725522468,15.768181818181827,,-1.7252270517712276,-2.3964441544672366,0.7202817572756315,,-36.68181818181813,-0.23889999999999997,,7.858988928367627,-2.1999999999999993,-683.15,4631.0,-8.302597987482386,,,8.857202898198446,7.1086692126770545,0.12816666666666665,0.6201550387596955
2020-07-01,-10.999999999999998,-4.000000000000001,-28.999999999999993,-7.000000000000006,-3.600000000000003,-3.1999999999999806,-5.0,-3.600000000000003,0.5096443382793581,0.5792762056656242,0.3557595753837406,18.318181818181813,,-0.6899480747231457,-0.8243883933868434,-13.75049296700408,,-22.36363636363641,-0.08610000000000001,,3.6779644440097625,-0.8000000000000007,-106.75,1584.0,-5.404446123597562,,,2.869204990724583,1.7037772762538594,0.30799999999999883,3.5439137134052334
2020-08-01,3.0000000000000027,-0.9999999999999981,-18.000000000000004,4.0000000000000036,-1.4999999999999902,1.29999999999999,-1.9999999999999991,-1.4999999999999902,0.3731343283582156,0.38632853258735445,0.29160353354868995,20.506493506493516,,-0.9813296740097344,-1.469963771168581,-14.720058966362881,,-6.525974025974035,-0.06290000000000007,,1.434946620971922,-1.799999999999999,-461.1,1566.0,-12.104127451736657,,,7.134503138214221,4.816659035243265,0.03533333333333394,13.690476190476186
2020-09-01,3.0000000000000027,-1.0000000000000009,3.0000000000000027,4.0000000000000036,9.699999999999998,12.7,0.0,9.699999999999998,0.2626139536318739,0.19037187711885561,0.15868038729416334,-0.5238095238095264,,-0.8420817955873572,-0.5149416009022967,20.787218107680804,,6.047619047619079,0.001000000000000112,,-0.026208912509784188,-0.6000000000000005,-70.65,949.0,5.473641117377359,,,0.7187786917338679,-0.7397337489016831,-0.6475833333333334,-3.141361256544506
2020-10-01,10.999999999999998,1.9999999999999991,5.999999999999995,8.999999999999996,1.200000000000001,0.6999999999999895,1.9999999999999991,1.200000000000001,0.1238475828567287,0.1386962552011095,0.09202162982639983,4.761904761904767,,-2.8120376740890407,-0.4841713861844954,6.478016471988224,,-3.2380952380952177,0.004499999999999893,,1.0266439040375497,-0.8999999999999995,-56.35,690.0,-7.017730342983164,,,-0.5435548350407826,1.440971526302448,0.08300000000000063,-2.43243243243243
2020-11-01,7.9999999999999964,2.0000000000000018,8.000000000000007,5.999999999999995,8.199999999999985,10.30000000000002,2.0000000000000018,8.199999999999985,0.2274132890799363,0.25064424854999157,0.09288483228599986,0.8295739348370912,,-2.4192229176526303,-1.4522395098281349,-15.092874237628351,,-22.65914786967422,-0.050499999999999934,,0.5479712924567837,-0.20000000000000018,-44.15,273.0,-0.8085792385303936,,,6.260123608297219,5.57902250000204,-0.4924166666666679,0.5540166204986097
2020-12-01,6.000000000000005,-3.0,-14.000000000000002,9.000000000000007,4.100000000000015,6.499999999999995,-3.0,4.100000000000015,0.4346309661148906,0.13334271670970566,0.2755551347000562,20.3803827751196,,-1.9989466872885053,-1.9274591054738721,-10.487524117977598,,-19.5334928229665,-0.04899999999999993,,0.7920336668942429,0.0,85.5,-185.0,4.792969495894606,,,10.33996723207402,4.948303287380695,-0.255833333333333,-5.234159779614322
2021-01-01,15.000000000000002,-1.0000000000000009,-2.0000000000000018,16.000000000000004,-0.40000000000000036,5.600000000000005,-1.0000000000000009,-0.40000000000000036,0.24499608845809373,0.017015547031329348,0.36356425171866213,16.56698564593302,,0.4067608738661743,-0.36809914637457863,11.33413241777217,,-6.782296650717701,-0.022300000000000098,,0.974957539840271,-0.2999999999999998,-8.95,315.0,4.963009717376199,,,11.432054823436054,3.1514011386829077,-0.19641666666666696,5.813953488372103
2021-02-01,17.999999999999993,-1.0000000000000009,7.9999999999999964,19.000000000000007,1.200000000000001,11.399999999999988,-1.3877787807814457e-15,1.200000000000001,0.33956762230333837,0.15015514799159302,0.20699842869373875,9.842105263157919,,1.2362544431450795,0.47521107785371,-7.103467218829884,,0.05263157894739301,-0.008199999999999985,,-4.1505197352141865,-0.20000000000000018,-72.8,517.0,1.6526581313381472,,,0.46246520080004405,2.526151414945854,-0.5397499999999993,-4.945054945054938
2021-03-01,35.00000000000001,3.0,26.0,32.00000000000001,21.699999999999985,19.500000000000007,3.9999999999999996,21.699999999999985,0.524320981565296,0.2459443190924393,0.40562999408455536,9.521739130434748,,1.6586052141649432,1.1779451530168128,-5.606972027439561,,-3.141876430205981,-0.015000000000000013,,3.1337542110889016,-0.10000000000000053,-85.75,852.0,7.794494783612582,,,-1.9917997719124614,1.8420307581200168,-1.0162500000000003,-5.924855491329495
2021-04-01,2.9999999999999805,1.0000000000000009,-4.999999999999993,1.9999999999999796,4.800000000000004,0.09999999999998899,1.0000000000000009,4.800000000000004,0.6238653990587206,0.8108038414641028,0.5844781311662439,7.432806324110697,,-1.0969920662987187,-0.6214232648588447,-20.266649226222476,,-15.935817805383001,-0.03080000000000005,,0.22311131154697517,0.0,-80.25,355.0,28.99592267952098,,,4.402297508511488,3.670612679345142,0.16400000000000067,1.5360983102918668
2021-05-01,-1.9999999999999796,0.0,-14.000000000000002,-1.9999999999999796,7.499999999999996,8.999999999999986,1.0000000000000009,7.499999999999996,0.6635060424433847,0.6595775780164903,0.5029844363041214,11.845454545454537,,0.5189400597841232,-1.2607395924614906,13.460518401049937,,2.661904761904732,-0.020949999999999913,,1.0952185844516515,-0.2999999999999998,-119.8,478.0,33.07431990007048,,,0.10300362641393335,2.142980716766685,-0.3699166666666658,3.782148260211793
2021-06-01,-10.000000000000009,4.000000000000001,3.0000000000000027,-14.000000000000012,4.700000000000015,-2.799999999999958,2.0000000000000004,4.700000000000015,0.8461787818155431,0.7935672408473149,0.46623928065938625,-12.52727272727272,,-0.09337373120701375,0.3285607796979173,-14.188314152889948,,-7.3090909090909095,-0.0010000000000000009,,0.01582357631200182,0.10000000000000053,-59.7,755.0,29.72474070640816,,,2.8658356989422096,1.1147403434119463,0.3455833333333308,4.664723032069973
2021-07-01,-19.999999999999996,1.9999999999999991,-19.000000000000007,-21.999999999999996,-3.9000000000000146,-12.700000000000022,-1.3877787807814457e-15,-3.9000000000000146,0.4614747980816958,0.359083885885525,0.418957119048291,-1.510822510822507,,2.118951123870305,1.331448846857386,3.812715006924905,,0.02813852813852158,0.023349999999999982,,0.8962892949517354,-0.5,-39.5,942.0,23.820781853759975,,,-0.14020372737040265,-0.2788984253094817,0.9372500000000014,-4.456824512534818
2021-08-01,-4.0000000000000036,0.0,-6.000000000000005,-4.0000000000000036,-3.400000000000003,-7.099999999999995,1.0000000000000009,-3.400000000000003,0.2842925602144719,0.1252476242427747,0.32184709053897365,2.1017316017315935,,1.2735315966192484,0.300008933049023,-0.7419393709869104,,3.0173160173160296,0.019899999999999918,,-0.58715997276646,-0.3000000000000007,-10.25,552.0,31.845358843501103,,,-2.230095036110513,1.177698858221965,0.5906666666666663,-0.1457725947521804
2021-09-01,9.000000000000007,1.9999999999999991,10.000000000000009,7.000000000000006,11.899999999999999,15.59999999999999,2.9999999999999973,11.899999999999999,0.4525517463950024,0.25125718197684943,0.21204836896415724,-0.4350649350649327,,1.0184802770383472,0.03641895019950159,13.46117635399633,,-10.112554112554095,-0.003249999999999975,,-1.2240976998686204,-0.39999999999999947,-5.0,457.0,16.321090483922653,,,-1.2711904579812527,-0.9493780003294816,-0.7772499999999996,0.43795620437956373
2021-10-01,20.999999999999996,15.000000000000002,2.0000000000000018,5.999999999999983,35.19999999999999,33.80000000000001,15.000000000000002,35.19999999999999,0.9638202329232071,0.704331099972122,0.498900958583004,19.071428571428584,,0.7734356281745125,0.5462616731809034,-9.852997694081456,,-8.473809523809518,0.009750000000000036,,1.4092560273794907,-0.20000000000000018,-70.35,801.0,28.212560649902873,,,-4.834295437914959,1.1172568511033099,-1.8562500000000004,-2.9069767441860517
2021-11-01,-2.0000000000000018,12.0,-11.00000000000001,-13.99999999999999,5.400000000000027,-4.400000000000004,12.0,5.400000000000027,0.8566262881938069,0.6170384992260303,0.5281881874614314,8.099999999999996,,0.1836042271277316,0.8120915104306015,3.5198507860378037,,-4.700000000000015,0.06600000000000006,,0.5905521810200431,-0.40000000000000036,-47.9,658.0,39.92440985610835,,,-0.848562475698178,1.9691547750425586,0.46391666666666687,1.646706586826352
2021-12-01,-9.000000000000007,17.000000000000004,7.000000000000006,-26.00000000000001,-16.599999999999994,-16.800000000000015,17.00000000000001,-16.599999999999994,0.6905230550805275,0.6259571074712644,0.5849959375282099,-15.781818181818208,,-0.014602300559096726,0.7084976232674567,15.427004335912752,,11.030952380952375,0.03239999999999987,,-0.11877036315856015,-0.19999999999999973,-20.25,586.0,27.915910401229958,,,0.8001899721826522,-1.6284571734395126,1.204250000000001,-0.2945508100147265
2022-01-01,29.000000000000004,29.999999999999993,30.000000000000004,-0.9999999999999898,27.19999999999998,30.500000000000014,29.999999999999993,27.19999999999998,0.6046039630400957,0.5529840802300345,0.5008167441526545,-0.8681818181818013,,1.0260606775764458,-0.6624958442893014,8.553001277139206,,-1.2809523809523604,-0.009649999999999936,,-0.9540228722812572,0.10000000000000009,22.95,190.0,25.726183019379235,,,-4.4210315179303405,0.4843706105700951,-1.647750000000001,1.1816838995568624
2022-02-01,16.999999999999993,46.0,16.999999999999993,-29.000000000000004,21.60000000000002,19.799999999999997,45.999999999999986,21.60000000000002,0.6926379347568234,0.5286706165847699,0.4393798671143756,0.8394736842105566,,0.25819489320750844,-0.03442361738323907,11.07554054023372,,21.26842105263158,0.07625000000000004,,0.5806836917517044,-0.10000000000000009,-20.2,819.0,30.645473133502875,,,-4.8309484926525315,-1.787978896940734,-0.9803333333333331,-0.14598540145984717
2022-03-01,19.999999999999996,47.0,-19.999999999999996,-27.0,10.099999999999998,9.399999999999986,35.00000000000001,10.099999999999998,1.115641476274165,0.27161752921707194,0.39655724294911376,38.862700228832914,,1.8111826096847805,1.1244572717541423,4.739221084850254,,13.240274599542312,0.09449999999999997,,0.4548208882658944,-0.19999999999999973,-4.0,490.0,28.26516913064234,,,-0.8289854085840598,-1.4927209085903281,-0.33983333333333254,6.871345029239739
2022-04-01,62.000000000000014,63.000000000000014,57.99999999999999,-1.0000000000000009,48.89999999999999,43.50000000000001,50.0,48.89999999999999,0.30833512934780316,0.5044005313849409,0.34805250013285605,3.7478260869565183,,1.1723394915750251,0.7550038352130972,-9.622992841942345,,-25.458695652173937,0.03250000000000003,,-0.050520155521238674,0.0,-2.0,308.0,24.687998840965243,,,0.2901042226281403,0.417244993158139,-2.378,0.4103967168262779
2022-05-01,14.999999999999991,8.000000000000007,35.0,6.999999999999984,6.599999999999984,7.600000000000007,-35.999999999999986,6.599999999999984,0.9484996239963239,0.5331928925972562,0.3494929704254801,-19.54285714285713,,2.7247467986362572,2.1570588757416687,20.26847339789675,,30.707142857142912,0.06974999999999998,,-0.44530754020404295,-0.10000000000000009,-3.25,301.0,37.02869297834304,,,-2.6878288455586596,-5.973935162789667,-0.18775000000000042,-2.997275204359673
2022-06-01,24.00000000000002,37.999999999999986,32.00000000000001,-13.999999999999968,41.700000000000024,34.50000000000002,-6.000000000000005,41.700000000000024,1.2561019986405686,0.6803326679517774,0.59189291399524,-7.095238095238088,,0.67761231978265,0.2752802511692076,-3.6858427663203575,,-9.428571428571475,0.0905,,-0.5499599410641154,0.0,2.75,434.0,19.813228017164096,,,-5.213732129737014,-3.2466799567644755,-1.7954166666666678,-1.2640449438202306
2022-07-01,-24.00000000000002,4.0000000000000036,0.0,-28.000000000000025,-31.200000000000028,-34.00000000000003,-42.99999999999999,-31.200000000000028,-0.014917428642136077,0.35300119027377175,0.22032594250540605,-25.561904761904763,,2.3973433029146562,2.2707636781122753,-11.468575323162945,,19.321428571428577,0.013750000000000012,,0.08484933881842682,-0.10000000000000009,5.7,714.0,24.040723016237386,,,-5.239337783065478,-1.6046003170411383,2.343333333333335,-5.263157894736848
2022-08-01,0.0,20.999999999999996,-14.000000000000002,-20.999999999999996,-0.8000000000000007,2.200000000000024,-44.000000000000014,-0.8000000000000007,0.062391281496565476,0.4903621970395289,0.5653069058170646,14.6260869565217,,0.8702173765958499,-0.35315337039474315,-11.304844815161486,,-6.2717391304347725,-0.048000000000000015,,-0.019893615067723136,0.10000000000000009,-1.7,290.0,20.995861979609522,,,5.031328230135879,4.8958668212505385,0.14299999999999852,0.9009009009009139
2022-09-01,62.000000000000014,60.999999999999986,74.99999999999999,1.000000000000023,64.20000000000003,57.49999999999997,37.999999999999986,64.20000000000003,0.42426727482827165,0.5702530898544778,0.4441514278774372,-12.587991718426483,,5.832953492471882,2.679007208278117,23.33042129472802,,-8.00207039337475,0.08300000000000002,,-0.00846922355587365,-0.10000000000000009,-19.0,220.0,21.715249638310418,,,-5.768651007190051,-6.29953417936383,-3.173166666666665,-3.571428571428581
2022-10-01,46.0,52.0,45.000000000000014,-6.000000000000005,49.500000000000014,37.00000000000006,0.0,49.500000000000014,0.5594754832984217,0.3933258669599482,0.3592772998929128,1.1119047619047695,,2.1263732631877863,1.5016569183706974,9.742936940702606,,10.223809523809546,0.045499999999999985,,0.25042451751950967,0.10000000000000009,5.1,357.0,13.534563001560285,,,-4.775759473040997,-2.3351722555842835,-1.8952500000000034,-0.6172839506172756
2022-11-01,-8.999999999999986,12.00000000000001,-7.000000000000006,-20.999999999999996,-13.400000000000034,-35.20000000000003,-57.999999999999964,-13.400000000000034,0.2614032556282231,0.30928627016122423,0.2882861175174778,-2.2499999999999964,,-4.507157808374796,-2.061411697152349,-22.35115389276501,,-10.250000000000004,-0.05875,,-0.7975447632813881,0.0,8.15,303.0,-1.4095462617331522,,,8.565168345500474,7.662646549157093,2.4675833333333355,-2.9503105590062195
2022-12-01,-27.0,-20.999999999999996,-15.999999999999993,-6.000000000000005,-45.900000000000006,-37.40000000000001,-52.99999999999998,-45.900000000000006,0.01539563433359259,0.35594772329976543,0.35438780150851557,-11.14761904761905,,-5.010104347953803,-2.0971913302635814,-6.501563519004705,,-19.68809523809525,-0.036750000000000005,,-1.7454120085577562,-0.10000000000000009,-2.55,100.0,-1.2811545526225432,,,-2.5629506876574504,0.77563024796099,2.5702500000000006,8.15999999999999
2023-01-01,-9.00000000000003,-8.000000000000007,-7.000000000000006,-1.000000000000023,-28.6,-12.99999999999999,-31.00000000000005,-28.6,0.5314022594635093,0.4140759271916483,0.4728435597510128,-2.252380952380939,,-3.903358700222448,-1.9832403834275647,-7.414693859706645,,-0.7119047619047691,-0.07949999999999996,,1.7531290957605083,0.0,-3.7,434.0,-13.021073567284313,,,0.4139188759985091,2.671219961869631,1.0750833333333327,3.550295857988184
2023-02-01,22.00000000000002,32.00000000000003,11.99999999999999,-10.000000000000009,-3.399999999999981,3.9000000000000146,8.000000000000007,-3.399999999999981,0.3428533386591992,0.4893570621394172,0.3608357091187564,9.66842105263157,,2.6024268132821105,0.41590817468644126,-0.2407035769094623,,-12.313157894736836,-0.020500000000000018,,0.0501882315268265,0.10000000000000009,10.25,290.0,-1.825671916501992,,,3.5930862551569076,0.8306465874927005,0.05024999999999913,3.7142857142857144
2023-03-01,-8.999999999999986,-23.000000000000043,-4.999999999999982,14.000000000000057,-0.8000000000000007,-0.20000000000002238,-31.00000000000005,-0.8000000000000007,0.12307181953890023,0.3367058722950844,0.3273155881929002,-3.15102974828374,,2.398863747289637,0.3629006785893507,7.573608141382948,,20.393592677345552,0.11379999999999998,,-0.6430924241476177,-0.10000000000000009,14.25,68.0,-8.033145441891943,,,-1.3459186604834361,-4.792659431513391,0.2995000000000014,-4.407713498622579
2023-04-01,-20.000000000000018,-28.000000000000025,-17.000000000000014,8.000000000000007,-19.799999999999997,-12.9,-46.0,-19.799999999999997,0.3392739405144063,0.4545350273802429,0.3541393737057863,-3.5673913043478667,,1.2282314130736882,-1.2422046461551317,-17.67876361990911,,1.8169336384439294,0.01294999999999999,,0.9484261041224462,-0.10000000000000009,-12.6,241.0,-8.505293873648956,,,4.382038550624312,2.8635784563104894,1.0613333333333332,9.5100864553314
2023-05-01,10.999999999999988,11.000000000000032,17.000000000000014,-4.440892098500626e-14,13.600000000000012,8.300000000000018,-11.999999999999922,13.600000000000012,0.1614687381333635,0.3647229997324919,0.29393434062694457,-5.286363636363589,,0.41019411417209106,0.3221935324805747,-1.0203662273548075,,12.32535885167465,-0.03699999999999998,,-0.18225741456299183,0.20000000000000018,9.6,280.0,-11.525941606422506,,,0.02454922677905813,-1.8634609966792004,-0.22141666666666776,0.263157894736854
2023-06-01,18.000000000000014,50.99999999999998,18.999999999999993,-32.999999999999964,22.299999999999986,20.900000000000006,48.99999999999993,22.299999999999986,0.224175331482801,0.2177785289873002,0.2578033808352087,-1.3160173160173372,,-2.277141651851622,-0.27785835075521126,-20.59926982270005,,-18.65367965367963,-0.013750000000000012,,-0.6905024406838045,0.0,24.75,225.0,-4.3578701109789115,,,3.0013626258038384,2.3609048310250236,-0.9705000000000004,-2.3622047244094446
2023-07-01,14.999999999999991,19.00000000000004,5.000000000000004,-4.000000000000048,9.600000000000009,6.999999999999984,15.000000000000036,9.600000000000009,0.1957146710348745,0.20692652486684615,0.13904012061312088,9.602380952380951,,-1.1538164460643596,-1.0458779733588996,-0.5056055596517228,,-16.419047619047646,-0.03824999999999998,,0.3980532739314313,-0.10000000000000009,-15.55,163.0,-17.72791204063875,,,-0.20277039598637359,3.3720439073360087,-0.11908333333333238,-2.284946236559149
2023-08-01,27.0,7.000000000000028,23.0,19.99999999999997,14.300000000000024,17.899999999999984,-13.999999999999968,14.300000000000024,0.4835707415079771,0.20067322630761275,0.11124493960987802,3.8717391304347704,,3.078305226574307,1.5308871216408004,13.791842885037763,,0.7565217391304335,-0.059750000000000025,,-0.04326490763816304,0.20000000000000018,9.8,218.0,-8.053831776901866,,,-1.2314976891007134,-0.7154797282954983,-0.7672499999999989,1.6506189821182904
2023-09-01,20.999999999999996,11.999999999999922,20.999999999999996,9.000000000000075,13.999999999999968,8.899999999999997,11.999999999999922,13.999999999999968,0.3900915440960384,0.3097745332385715,0.3082990082631021,0.6782608695652392,,0.9442664951574642,1.4927029345116472,-4.2928184876407816,,-7.25652173913045,-0.0116,,0.03937679791581328,0.0,-26.4,156.0,-8.64372563820519,,,-1.01931734699644,-1.1285906513782695,-0.21233333333333315,-1.3531799729364025
2023-10-01,41.99999999999999,5.000000000000071,37.000000000000014,36.99999999999992,34.400000000000034,32.30000000000004,5.000000000000071,34.400000000000034,0.13668493471667986,0.29561504352111356,0.15242632727514582,4.419047619047589,,1.2943802337965327,1.5221278222375734,24.479749161207877,,5.442857142857149,0.039600000000000024,,-0.532045544002957,0.19999999999999973,-8.35,159.0,-0.6389057833716683,,,-5.393620336515481,-4.121385931741351,-1.608916666666669,-5.075445816186564
2023-11-01,-29.999999999999982,-19.00000000000004,-20.999999999999996,-10.999999999999943,-36.80000000000003,-38.20000000000001,-19.00000000000004,-36.80000000000003,0.14689823722116024,0.30020195404181216,0.11061118919502011,-8.19047619047617,,-3.207759692864365,-1.842148520086706,-25.776718889129533,,-4.238095238095241,-0.01425000000000004,,0.4776517264893698,-0.19999999999999973,7.75,127.0,3.193759848768374,,,2.476694812259339,3.3646920186178653,2.6480000000000006,8.959537572254339
2023-12-01,-48.00000000000004,-41.99999999999999,-36.00000000000001,-6.00000000000005,-48.09999999999999,-47.50000000000001,-41.99999999999999,-48.09999999999999,0.1924399963653789,0.25704883607775564,0.18110223137888237,-11.978571428571438,,-0.28738971099732114,-1.1458306694901332,-9.277284222813043,,-16.70476190476191,-0.04594999999999999,,-0.003907523319168771,0.09999999999999964,-10.2,154.0,5.775235964049474,,,4.136734632117145,5.603603456175943,3.1741666666666672,1.724137931034475
2024-01-01,4.0000000000000036,-13.999999999999968,-5.000000000000004,17.99999999999997,-9.200000000000008,-6.199999999999983,-13.999999999999968,-9.200000000000008,0.30996854969052023,0.3588818467727739,0.5182765025872449,8.169047619047642,,1.6496083048494814,0.3290409744886924,5.268988981690947,,-0.29523809523808175,-0.0368,,-1.5412696862033393,-0.09999999999999964,3.7,175.0,25.613798757939765,,,-1.4113169254356017,1.6145028261063343,0.6565833333333324,1.1734028683181075
2024-02-01,15.000000000000036,21.999999999999975,13.99999999999999,-6.99999999999994,3.200000000000003,7.599999999999962,21.999999999999975,3.200000000000003,0.40975401843086345,0.39609441363710474,0.26398937442768666,1.630952380952344,,0.4089713652920546,0.6974283732327224,4.420463822942167,,-6.054761904761907,-0.02899999999999997,,1.2633465523778087,0.19999999999999973,-1.5,206.0,8.752663286960804,,,4.156021283596201,3.2215450835218817,-0.17658333333333104,-1.0309278350515427
2024-03-01,0.0,4.999999999999982,-3.0000000000000027,-4.999999999999982,-7.000000000000028,-3.89999999999997,4.999999999999982,-7.000000000000028,0.4431338373525273,0.3891445158509699,0.3883591005208187,2.8999999999999915,,0.02559086390385712,-0.33626314263554,-1.3803263053918657,,-1.3499999999999845,-0.02140000000000003,,0.13851744051125436,0.0,5.2,228.0,5.0486264692321425,,,2.5636240283247735,3.6908448801123317,0.5197499999999982,5.46875
2024-04-01,33.00000000000001,28.000000000000025,25.0,4.999999999999982,11.20000000000001,17.700000000000003,28.000000000000025,11.20000000000001,0.21706766556210955,0.27052450819466944,0.2417854420575516,8.259090909090938,,2.716901238380043,1.2299144364107617,17.046072694304804,,-8.181818181818201,0.016400000000000026,,-0.5413556137835673,0.0,-4.95,64.0,17.57737730392237,,,-0.7864726114231613,-1.0150578591291093,-0.7795000000000003,6.419753086419755
2024-05-01,-5.999999999999961,-0.9999999999999787,0.0,-4.999999999999982,-2.699999999999969,-4.0000000000000036,-0.9999999999999787,-2.699999999999969,0.04855873210594108,0.14040654936740005,0.06459314495028678,-6.000000000000005,,-0.22892769009591474,-0.23292408557851196,-19.079710349033586,,0.49999999999998934,0.007400000000000018,,0.5598359637132067,0.0,11.75,78.0,14.698351513993991,,,1.2479160058269212,1.51307053518841,0.5372500000000002,1.1600928074245953
2024-06-01,-17.00000000000008,-12.00000000000001,-10.000000000000009,-5.000000000000071,-19.10000000000003,-18.999999999999993,-12.00000000000001,-19.10000000000003,-0.041829647960411886,0.09273959037392476,0.2402294436318897,-7.882775119617191,,1.0499191741393021,1.5191414946704507,-2.9995005826535692,,4.602870813397142,0.02059999999999995,,-0.18351344838453132,0.19999999999999973,12.8,87.0,12.330658974690989,,,1.3359515360287455,-0.45339443188624484,1.4339166666666663,1.3761467889908285
2024-07-01,-5.999999999999961,-24.00000000000002,-7.999999999999985,18.00000000000006,-18.69999999999998,-16.600000000000037,-24.00000000000002,-18.69999999999998,0.16770805381991494,0.17274411884795615,0.19074480138900896,1.9282296650717345,,0.21715632891741166,-0.26440976642860825,13.475274678126326,,7.397129186602869,0.02475000000000005,,-0.7842032717608305,0.10000000000000053,2.45,53.0,22.66739882746238,,,2.3298595212366324,2.121797717598506,1.2740833333333357,0.2262443438913797
2024-08-01,-37.999999999999986,-52.99999999999998,-20.999999999999996,14.999999999999991,-13.600000000000012,-17.19999999999997,-52.99999999999998,-13.600000000000012,0.1572221743858515,0.25396626324700744,0.17655051215921258,-16.454545454545453,,-2.2143742837166247,-0.623022408382401,34.356404333718295,,14.54545454545455,-0.004350000000000076,,0.4763623015547003,0.0,-6.65,9.0,13.48921211545957,,,-5.7440092441384705,1.2971321169656491,1.2962499999999983,2.8216704288938965
2024-09-01,-14.999999999999991,-35.00000000000001,-13.99999999999999,20.000000000000018,1.9000000000000128,1.200000000000001,-14.999999999999991,1.9000000000000128,0.2133336729690294,0.30711493354182995,0.2745110779026616,-0.24999999999999467,,-1.5350326125337488,-0.5943870872504364,-8.538297989188848,,-3.9136363636363525,-0.04389999999999994,,-0.5567951780295677,-0.10000000000000053,-6.1,155.0,7.126018230581255,,,-2.1455384012408096,3.080160715013136,0.1779166666666666,3.732162458836452
2024-10-01,37.99999999999994,35.00000000000001,18.999999999999993,2.999999999999936,4.999999999999982,5.899999999999972,64.99999999999999,4.999999999999982,0.2856398459641696,0.3114750009353573,0.29643788573372465,17.840909090909072,,2.3799981738913845,1.4032911377865442,13.007376289209628,,-15.586363636363632,-0.023249999999999993,,-0.6676283011955886,0.0,11.75,33.0,5.252410107633998,,,0.13079261879422877,2.038909145758727,-0.10308333333333164,6.137566137566131
2024-11-01,26.000000000000068,28.999999999999957,21.999999999999975,-2.9999999999998916,-6.599999999999984,-6.400000000000006,48.0,-6.599999999999984,0.28419261732848256,0.28781808405158316,0.10498094192132879,3.5143540669856588,,2.3966265823263333,2.197494564922775,-19.76683158560746,,-11.705741626794275,-0.027250000000000052,,0.29304865948833747,0.10000000000000053,-17.05,134.0,8.005204712593649,,,-3.477484992061919,1.4704253962435576,0.6398333333333337,2.0937188434696052
2024-12-01,2.999999999999936,-2.999999999999936,6.000000000000005,5.999999999999872,-21.70000000000001,-23.499999999999986,12.99999999999999,-21.70000000000001,0.3399383308901438,0.18657583749928097,0.1887675255320076,-1.7719298245614024,,3.224089977204625,1.0010980806942849,-0.9306612749762189,,-1.2055137844611652,-0.01599999999999996,,0.4469070646416995,-0.10000000000000053,3.55,237.0,17.605317165483992,,,-2.503764682260823,-1.3635904261609766,1.6604999999999992,-2.34375
2025-01-01,24.00000000000002,3.9999999999999147,14.000000000000012,20.000000000000107,-1.5000000000000124,5.000000000000027,18.99999999999995,-1.5000000000000124,0.42726162139017365,0.4265929177532435,0.3148249541047976,9.714285714285698,,0.8468908296803912,0.9885103601153356,5.656341317675695,,3.809523809523818,-0.018399999999999972,,-0.4005100236707526,-0.09999999999999964,-7.75,-48.0,-1.6046071141617824,,,2.604143498496647,-0.24028950279856298,-0.06908333333333494,0.7000000000000117
2025-02-01,-17.99999999999997,-5.999999999999961,-20.000000000000018,-12.00000000000001,2.400000000000002,0.8999999999999897,-5.999999999999961,2.400000000000002,0.22510589068882592,0.2547452855180321,0.44787979484215423,2.3734335839599385,,-0.5094850067680401,-0.7459819352996,1.21908893709326,,2.3959899749373514,0.004149999999999987,,1.2406113569036537,0.20000000000000018,10.0,42.0,9.051545895106416,,,2.9412402263073067,2.5888560313494846,0.18108333333333396,9.930486593843103
2025-03-01,-16.999999999999993,-23.99999999999998,-7.999999999999985,6.999999999999984,-1.6999999999999904,-3.500000000000014,-23.99999999999998,-1.6999999999999904,0.03315826188146076,0.06913185749619633,0.09748691517839081,-8.992481203007507,,0.9379889108005246,-1.2768639570583384,28.721290496396577,,17.889724310776913,0.06074999999999997,,0.44804105805349437,0.0,-2.0,67.0,12.465903620013341,,,0.18187518620369492,-3.047050108927829,0.4458333333333342,3.5230352303522894
2025-04-01,0.0,-19.00000000000004,9.000000000000007,19.00000000000004,-19.399999999999995,-13.700000000000001,-19.00000000000004,-19.399999999999995,0.16167112278562268,0.23857041972428217,0.1875992879210031,-9.333333333333327,,-1.2731896398740061,-1.6656765127571416,46.35576776331565,,25.428571428571445,0.04874999999999996,,-0.059965211962642595,0.0,2.75,108.0,8.928965774902675,,,-4.3066335546853685,-4.975860004503918,1.0549166666666667,8.551483420593375
2025-05-01,13.999999999999968,14.000000000000012,6.999999999999984,-4.440892098500626e-14,-4.300000000000015,5.200000000000005,14.000000000000012,-4.300000000000015,0.09928130327003792,0.13048792067804627,0.22947841468663466,7.238095238095221,,-3.357469698273563,-1.4483624160424924,-35.98776575358975,,-4.238095238095241,-0.04964999999999997,,-0.08548114996804745,0.09999999999999964,6.05,13.0,0.8805199330240265,,,5.643950179383506,6.007151288006374,-0.09050000000000027,4.3408360128617485
2025-06-01,-4.0000000000000036,-2.9999999999999805,-2.0000000000000018,-1.000000000000023,10.499999999999998,13.200000000000012,-2.9999999999999805,10.499999999999998,0.2541949971929469,0.23402152998077685,0.26313697432227556,-1.6333333333333755,,-1.9231979932122,-1.4290244903230498,-10.062124678825036,,-9.788095238095229,-0.04984999999999995,,0.3405718563428417,-0.20000000000000018,7.2,-20.0,3.306324656472004,,,12.213438309053082,2.3860882765419644,-0.5661666666666674,0.7704160246533087
2025-07-01,0.9999999999999787,-1.000000000000023,-8.000000000000007,2.0000000000000018,1.7000000000000348,-0.20000000000002238,-1.000000000000023,1.7000000000000348,0.22835098853577485,0.3125209822436803,0.24500281475725583,8.663636363636362,,1.0711981402199422,-0.39902515798891924,-10.987297512265448,,-5.768181818181817,-0.025500000000000078,,0.5020526873499742,0.20000000000000018,-17.5,64.0,5.189657398038849,,,8.117552436610787,2.9344035651671874,0.24883333333333468,-1.911314984709478
2025-08-01,-12.99999999999999,-17.99999999999997,-12.99999999999999,4.999999999999982,-2.7000000000000135,-2.499999999999991,-17.99999999999997,-2.7000000000000135,0.3482644202266627,0.3097218588179462,0.2246302301668779,-0.1731601731601362,,0.7034821172164696,0.38555456666946597,-3.85381001672106,,2.4610389610389527,-0.013249999999999984,,0.014989400352605209,0.0,8.1,-70.0,3.8163693117287067,,,0.5425027102920144,0.6891988096174195,0.38666666666666616,1.9485580670304037
2025-09-01,-13.999999999999968,-13.000000000000034,-12.99999999999999,-0.9999999999999343,3.500000000000014,3.4000000000000252,-2.0000000000000018,3.500000000000014,0.2950901819104068,0.2177737336973129,0.18940290733462373,-1.0476190476190528,,0.2812241045529795,-0.4534077318997687,0.24819624819625297,,-1.857142857142846,-0.0025000000000000577,,-0.03741690795644459,0.10000000000000053,4.4,76.0,17.60305691947881,,,5.235151257273407,2.751696302176865,0.030583333333331825,6.8807339449541205
2025-10-01,-6.00000000000005,-4.999999999999982,1.0000000000000009,-1.0000000000000675,11.199999999999966,8.399999999999963,8.000000000000007,11.199999999999966,,,0.22764150794776228,-6.642857142857128,,2.1662852576040503,0.6104353027724052,14.550748002323122,,-3.967532467532453,0.006700000000000039,,-0.8511198166599288,,-7.25,-140.0,8.08884577960416,,,11.92076062315046,0.9892498713555131,-0.26658333333333106,11.373390557939889
2025-11-01,3.000000000000025,2.9999999999999805,7.000000000000006,4.440892098500626e-14,32.00000000000003,31.50000000000004,23.99999999999998,32.00000000000003,,,0.17761291387345945,-3.8888888888889195,,2.585899101209721,0.5431353292183472,9.305151566143422,,9.015151515151508,0.01055000000000006,,-0.08527683597221447,,-4.35,41.0,13.006541436424657,,,6.935929444883371,-0.620704647089676,-1.6455833333333356,1.862556197816323
2025-12-01,4.999999999999982,-4.999999999999982,6.999999999999984,9.999999999999964,20.799999999999976,11.799999999999988,10.999999999999988,20.799999999999976,0.297788428704604,0.2329002576704653,0.32713836305298116,-2.202020202020183,,0.375106455747809,-1.0125377107291555,-21.352680552457993,,-0.8787878787878789,-0.015000000000000013,,-0.14846097854523954,-0.09999999999999964,-3.15,-17.0,15.42005866723759,,,2.0426422624247875,2.4280697418562758,-0.43733333333333263,3.0264817150063017
2026-01-01,7.000000000000028,4.0000000000000036,1.0000000000000009,3.000000000000025,9.50000000000002,11.899999999999977,12.00000000000001,9.50000000000002,0.170842649932057,0.2950448142634121,0.44492751356677296,6.240909090909064,,-0.6728062483152497,-0.7974985917930444,4.0574892179873645,,-8.954545454545482,-0.03894999999999993,,0.0957873170993162,-0.10000000000000053,-7.45,160.0,34.454100676142005,,,16.754469340288768,3.134543706832904,-0.4334999999999986,8.017135862913083
2026-02-01,-8.000000000000007,-6.999999999999984,-8.999999999999986,-1.000000000000023,12.599999999999989,12.700000000000022,-6.999999999999984,12.599999999999989,0.26700307420970404,0.21605021740240815,0.3939122649955218,-0.5447368421052534,,-0.5640826220065231,-1.1102928965745051,18.71526960207206,,2.1842105263157885,0.02894999999999992,,0.6740929514846838,0.10000000000000053,3.95,-156.0,29.59863535650875,,,16.41529636228627,2.7876383772540203,-0.4715833333333347,5.2691218130311634
2026-03-01,12.00000000000001,23.99999999999998,8.999999999999986,-11.999999999999966,18.100000000000005,11.60000000000001,23.99999999999998,18.100000000000005,0.8651438343614481,0.19579505385114437,0.29621358395170994,3.5765550239234223,,2.9871017873594807,1.7080555696911137,33.26817400852909,,10.270334928229662,0.06325000000000003,,0.342565970552422,-0.10000000000000053,-7.75,214.0,53.58807618110932,,,-0.14625520539514048,-4.29352641850651,-0.39500000000000063,-1.506996770721214
2026-04-01,7.000000000000028,8.999999999999986,3.0000000000000027,-1.9999999999999574,1.7999999999999794,0.8999999999999897,8.999999999999986,1.7999999999999794,0.6400377846336402,0.376460730477457,0.26132067448567664,4.545454545454586,,-0.4508500637060542,-0.7368251641303947,-22.600127011186622,,-7.811688311688303,-0.009000000000000008,,0.707673670664577,0.0,-0.25,148.0,52.13960581813559,,,9.078462299052404,2.2949244502662447,0.2566666666666673,-3.0601092896174853
2026-05-01,16.000000000000014,20.000000000000018,10.000000000000009,-4.0000000000000036,29.40000000000005,33.80000000000001,21.000000000000043,29.40000000000005,0.47291422864139676,0.20809544962627768,0.3593433116647615,6.272727272727252,,0.30990073646830485,-0.2159845358096546,-12.996034130513168,,-9.242857142857108,-0.028000000000000025,,0.05072811552644385,0.0,3.85,63.0,63.33717652766975,,,25.75471776367635,1.2792065657062812,-1.7165833333333338,-0.5636978579481422
2026-06-01,-1.0000000000000675,11.000000000000032,14.000000000000012,-12.0000000000001,,10.599999999999987,11.000000000000032,,-0.42248165303806484,-0.016660666843182348,0.14675712847780353,-15.357142857142847,,2.75907083867466,1.0980878807063776,3.885071500685622,,-8.852380952380967,-0.0010000000000000009,,0.344594122772679,-0.09999999999999964,10.9,20.0,91.11123618051103,,,11.299415053468387,1.8488505656695908,-0.2964166666666659,-4.53514739229025
2026-07-01,12.99999999999999,10.999999999999943,16.999999999999993,2.000000000000046,,,10.999999999999943,,0.07366914435544825,0.2154345141564873,0.2455155058386671,-4.506493506493481,,-2.8407834153959532,0.42761911503244043,-4.556636518648927,,5.543290043290039,-0.02200000000000002,,0.16298143060580195,-0.10000000000000053,-19.25,-23.0,,,,,,,-10.688836104513067
2026-08-01,8.000000000000007,0.0,4.999999999999982,8.000000000000007,,,0.0,,,,,4.07792207792208,,-5.5715924999858775,-1.4476313672810992,-10.89087801291113,,4.599567099567103,-0.02200000000000002,,,,2.25,,,,,,,,
2026-09-01,,,,,,,,,,,,5.7857142857142385,,,,7.2916015258583045,,-5.19047619047619,,,,,,,,,,,,,
