Indicator,Observed_Change,Observation_Date,Age_Months,Status
US10Y,8.0,2026-08-01,2,ACTUAL
US2Y,0.0,2026-08-01,2,ACTUAL
US_REAL10Y,5.0,2026-08-01,2,ACTUAL
US_10Y2Y_SPREAD,8.0,2026-08-01,2,ACTUAL
KR10Y,0.0,2026-08-01,2,ACTUAL
FED_HIKE_EXPECTATION,0.0,2026-08-01,2,ACTUAL
US_CPI,0.39601818,2026-08-01,2,ACTUAL
US_CORE_CPI,0.28979569,2026-08-01,2,ACTUAL
US_CORE_PCE,0.24743916,2026-08-01,2,ACTUAL
US_BREAKEVEN_10Y,6.38095238,2026-09-01,1,ACTUAL
USDKRW,-5.5715925,2026-08-01,2,ACTUAL
DXY,-1.44763137,2026-08-01,2,ACTUAL
VIX,3.40816709,2026-09-01,1,ACTUAL
US_HY_SPREAD,-14.99047619,2026-09-01,1,ACTUAL
FCI_TIGHTENING,-0.0005,2026-09-01,1,ACTUAL
US_ISM_MFG,-0.30061814,2026-08-01,2,ACTUAL
US_UNEMPLOYMENT,0.0,2026-08-01,2,ACTUAL
US_INITIAL_CLAIMS,-5.33333333,2026-09-01,1,ACTUAL
US_NFP_SURPRISE,162.0,2026-08-01,2,ACTUAL
