Level,Name,Factor_Group,Asset,Score,Shock_Class,Observed_Change,Shock_Percentile,Coverage,Confidence,Confidence_Label,Raw_Score
INDICATOR,US10Y,RATE,국내주식,-2.0,STRONG,31.0,89.89,,,,
INDICATOR,US10Y,RATE,해외주식,-3.0,STRONG,31.0,89.89,,,,
INDICATOR,US10Y,RATE,채권,-3.0,STRONG,31.0,89.89,,,,
INDICATOR,US10Y,RATE,금,-2.0,STRONG,31.0,89.89,,,,
INDICATOR,US2Y,RATE,국내주식,-1.5,EXTREME,43.0,95.21,,,,
INDICATOR,US2Y,RATE,해외주식,-3.0,EXTREME,43.0,95.21,,,,
INDICATOR,US2Y,RATE,채권,-3.0,EXTREME,43.0,95.21,,,,
INDICATOR,US2Y,RATE,금,-3.0,EXTREME,43.0,95.21,,,,
INDICATOR,US_REAL10Y,RATE,국내주식,-1.0,STRONG,24.0,88.83,,,,
INDICATOR,US_REAL10Y,RATE,해외주식,-2.0,STRONG,24.0,88.83,,,,
INDICATOR,US_REAL10Y,RATE,채권,-2.0,STRONG,24.0,88.83,,,,
INDICATOR,US_REAL10Y,RATE,금,-3.0,STRONG,24.0,88.83,,,,
INDICATOR,US_10Y2Y_SPREAD,RATE,국내주식,-0.5,MILD,-12.0,70.74,,,,
INDICATOR,US_10Y2Y_SPREAD,RATE,해외주식,-0.5,MILD,-12.0,70.74,,,,
INDICATOR,US_10Y2Y_SPREAD,RATE,채권,0.5,MILD,-12.0,70.74,,,,
INDICATOR,US_10Y2Y_SPREAD,RATE,금,0.5,MILD,-12.0,70.74,,,,
INDICATOR,KR10Y,RATE,국내주식,-0.0,NORMAL,0.0,0.53,,,,
INDICATOR,KR10Y,RATE,해외주식,0.0,NORMAL,0.0,0.53,,,,
INDICATOR,KR10Y,RATE,채권,-0.0,NORMAL,0.0,0.53,,,,
INDICATOR,KR10Y,RATE,금,0.0,NORMAL,0.0,0.53,,,,
INDICATOR,FED_HIKE_EXPECTATION,RATE,국내주식,-2.0,STRONG,31.0,88.83,,,,
INDICATOR,FED_HIKE_EXPECTATION,RATE,해외주식,-3.0,STRONG,31.0,88.83,,,,
INDICATOR,FED_HIKE_EXPECTATION,RATE,채권,-2.0,STRONG,31.0,88.83,,,,
INDICATOR,FED_HIKE_EXPECTATION,RATE,금,-2.0,STRONG,31.0,88.83,,,,
INDICATOR,US_CPI,INFLATION,국내주식,-2.0,STRONG,0.39601818,78.38,,,,
INDICATOR,US_CPI,INFLATION,해외주식,-2.0,STRONG,0.39601818,78.38,,,,
INDICATOR,US_CPI,INFLATION,채권,-3.0,STRONG,0.39601818,78.38,,,,
INDICATOR,US_CPI,INFLATION,금,1.0,STRONG,0.39601818,78.38,,,,
INDICATOR,US_CORE_CPI,INFLATION,국내주식,-2.0,STRONG,0.28979569,78.38,,,,
INDICATOR,US_CORE_CPI,INFLATION,해외주식,-3.0,STRONG,0.28979569,78.38,,,,
INDICATOR,US_CORE_CPI,INFLATION,채권,-3.0,STRONG,0.28979569,78.38,,,,
INDICATOR,US_CORE_CPI,INFLATION,금,0.0,STRONG,0.28979569,78.38,,,,
INDICATOR,US_CORE_PCE,INFLATION,국내주식,-1.0,MILD,0.24743916,72.73,,,,
INDICATOR,US_CORE_PCE,INFLATION,해외주식,-1.5,MILD,0.24743916,72.73,,,,
INDICATOR,US_CORE_PCE,INFLATION,채권,-1.5,MILD,0.24743916,72.73,,,,
INDICATOR,US_CORE_PCE,INFLATION,금,0.0,MILD,0.24743916,72.73,,,,
INDICATOR,US_BREAKEVEN_10Y,INFLATION,국내주식,-0.0,NORMAL,0.73809524,11.11,,,,
INDICATOR,US_BREAKEVEN_10Y,INFLATION,해외주식,-0.0,NORMAL,0.73809524,11.11,,,,
INDICATOR,US_BREAKEVEN_10Y,INFLATION,채권,-0.0,NORMAL,0.73809524,11.11,,,,
INDICATOR,US_BREAKEVEN_10Y,INFLATION,금,0.0,NORMAL,0.73809524,11.11,,,,
INDICATOR,USDKRW,FX,국내주식,1.5,EXTREME,-3.13633243,92.55,,,,
INDICATOR,USDKRW,FX,해외주식,-4.5,EXTREME,-3.13633243,92.55,,,,
INDICATOR,USDKRW,FX,채권,1.5,EXTREME,-3.13633243,92.55,,,,
INDICATOR,USDKRW,FX,금,-4.5,EXTREME,-3.13633243,92.55,,,,
INDICATOR,DXY,FX,국내주식,-0.0,NORMAL,0.30626531,17.02,,,,
INDICATOR,DXY,FX,해외주식,-0.0,NORMAL,0.30626531,17.02,,,,
INDICATOR,DXY,FX,채권,0.0,NORMAL,0.30626531,17.02,,,,
INDICATOR,DXY,FX,금,-0.0,NORMAL,0.30626531,17.02,,,,
INDICATOR,VIX,RISK,국내주식,0.0,NORMAL,-1.98697632,11.64,,,,
INDICATOR,VIX,RISK,해외주식,0.0,NORMAL,-1.98697632,11.64,,,,
INDICATOR,VIX,RISK,채권,-0.0,NORMAL,-1.98697632,11.64,,,,
INDICATOR,VIX,RISK,금,-0.0,NORMAL,-1.98697632,11.64,,,,
INDICATOR,US_HY_SPREAD,RISK,국내주식,0.0,NORMAL,-1.34285714,12.7,,,,
INDICATOR,US_HY_SPREAD,RISK,해외주식,0.0,NORMAL,-1.34285714,12.7,,,,
INDICATOR,US_HY_SPREAD,RISK,채권,-0.0,NORMAL,-1.34285714,12.7,,,,
INDICATOR,US_HY_SPREAD,RISK,금,-0.0,NORMAL,-1.34285714,12.7,,,,
INDICATOR,FCI_TIGHTENING,RISK,국내주식,-1.0,MILD,0.03475,59.79,,,,
INDICATOR,FCI_TIGHTENING,RISK,해외주식,-1.5,MILD,0.03475,59.79,,,,
INDICATOR,FCI_TIGHTENING,RISK,채권,0.5,MILD,0.03475,59.79,,,,
INDICATOR,FCI_TIGHTENING,RISK,금,0.5,MILD,0.03475,59.79,,,,
INDICATOR,US_ISM_MFG,GROWTH,국내주식,-0.0,NORMAL,-0.30061814,44.92,,,,
INDICATOR,US_ISM_MFG,GROWTH,해외주식,-0.0,NORMAL,-0.30061814,44.92,,,,
INDICATOR,US_ISM_MFG,GROWTH,채권,0.0,NORMAL,-0.30061814,44.92,,,,
INDICATOR,US_ISM_MFG,GROWTH,금,0.0,NORMAL,-0.30061814,44.92,,,,
INDICATOR,US_UNEMPLOYMENT,GROWTH,국내주식,-0.0,NORMAL,0.1,45.16,,,,
INDICATOR,US_UNEMPLOYMENT,GROWTH,해외주식,-0.0,NORMAL,0.1,45.16,,,,
INDICATOR,US_UNEMPLOYMENT,GROWTH,채권,0.0,NORMAL,0.1,45.16,,,,
INDICATOR,US_UNEMPLOYMENT,GROWTH,금,0.0,NORMAL,0.1,45.16,,,,
INDICATOR,US_INITIAL_CLAIMS,GROWTH,국내주식,0.0,NORMAL,-3.5,26.46,,,,
INDICATOR,US_INITIAL_CLAIMS,GROWTH,해외주식,0.0,NORMAL,-3.5,26.46,,,,
INDICATOR,US_INITIAL_CLAIMS,GROWTH,채권,-0.0,NORMAL,-3.5,26.46,,,,
INDICATOR,US_INITIAL_CLAIMS,GROWTH,금,-0.0,NORMAL,-3.5,26.46,,,,
INDICATOR,US_NFP_SURPRISE,GROWTH,국내주식,0.0,NORMAL,29.0,4.26,,,,
INDICATOR,US_NFP_SURPRISE,GROWTH,해외주식,0.0,NORMAL,29.0,4.26,,,,
INDICATOR,US_NFP_SURPRISE,GROWTH,채권,-0.0,NORMAL,29.0,4.26,,,,
INDICATOR,US_NFP_SURPRISE,GROWTH,금,-0.0,NORMAL,29.0,4.26,,,,
FACTOR,RATE,RATE,국내주식,-1.2037,,,,0.75,0.75,MEDIUM,
FACTOR,RATE,RATE,해외주식,-1.9815,,,,0.75,0.75,MEDIUM,
FACTOR,RATE,RATE,채권,-1.6852,,,,0.75,0.75,MEDIUM,
FACTOR,RATE,RATE,금,-1.6852,,,,0.75,0.75,MEDIUM,
FACTOR,INFLATION,INFLATION,국내주식,-1.2778,,,,0.8571,0.8281,HIGH,
FACTOR,INFLATION,INFLATION,해외주식,-1.6944,,,,0.8571,0.8281,HIGH,
FACTOR,INFLATION,INFLATION,채권,-1.9167,,,,0.8571,0.8281,HIGH,
FACTOR,INFLATION,INFLATION,금,0.2222,,,,0.8571,0.8281,HIGH,
FACTOR,FX,FX,국내주식,0.75,,,,1.0,1.0,HIGH,
FACTOR,FX,FX,해외주식,-2.25,,,,1.0,1.0,HIGH,
FACTOR,FX,FX,채권,0.75,,,,1.0,1.0,HIGH,
FACTOR,FX,FX,금,-2.25,,,,1.0,1.0,HIGH,
FACTOR,RISK,RISK,국내주식,-0.2857,,,,0.6364,0.6179,MEDIUM,
FACTOR,RISK,RISK,해외주식,-0.4286,,,,0.6364,0.6179,MEDIUM,
FACTOR,RISK,RISK,채권,0.1429,,,,0.6364,0.6179,MEDIUM,
FACTOR,RISK,RISK,금,0.1429,,,,0.6364,0.6179,MEDIUM,
FACTOR,GROWTH,GROWTH,국내주식,0.0,,,,0.625,0.6455,MEDIUM,
FACTOR,GROWTH,GROWTH,해외주식,0.0,,,,0.625,0.6455,MEDIUM,
FACTOR,GROWTH,GROWTH,채권,0.0,,,,0.625,0.6455,MEDIUM,
FACTOR,GROWTH,GROWTH,금,0.0,,,,0.625,0.6455,MEDIUM,
FACTOR,GOLD_SPECIFIC,GOLD_SPECIFIC,국내주식,,,,,0.0,0.0,NONE,
FACTOR,GOLD_SPECIFIC,GOLD_SPECIFIC,해외주식,,,,,0.0,0.0,NONE,
FACTOR,GOLD_SPECIFIC,GOLD_SPECIFIC,채권,,,,,0.0,0.0,NONE,
FACTOR,GOLD_SPECIFIC,GOLD_SPECIFIC,금,,,,,0.0,0.0,NONE,
ASSET_ENVIRONMENT,FINAL,,국내주식,-0.2886,,,,,0.7647,MEDIUM,-0.418
ASSET_ENVIRONMENT,FINAL,,해외주식,-1.0721,,,,,0.7647,MEDIUM,-1.2681
ASSET_ENVIRONMENT,FINAL,,채권,-0.4104,,,,,0.7647,MEDIUM,-0.5516
ASSET_ENVIRONMENT,FINAL,,금,-0.562,,,,,0.6656,MEDIUM,-0.7165
